Z_0,Z_1,Z_2,Z_3,Z_4,Z_5,Z_6,Z_7,Z_8
1.0,0.0,0.0,0.3214,0.0776,0.6948,0.2057,0.0742,0.9674
1.0,0.0,0.0,0.3214,0.0776,0.7384,0.2057,0.0742,0.742
0.5263,0.3965,0.0,0.8483,0.0,0.3808,0.0,0.739,0.4726
0.5263,0.3965,0.0,0.8483,0.0,0.3808,0.0,1.0,0.4824
0.2205,0.3684,0.0,0.5609,0.0,0.5157,0.5808,0.9863,0.5228
0.3744,0.3172,0.0,0.8483,0.0,0.3808,0.1907,0.2445,0.5569
0.6347,0.2643,0.0,0.8483,0.0,0.3808,0.0,1.0,0.5154
0.6347,0.2643,0.0,0.8483,0.0,0.3808,0.0,0.0742,0.425
0.3744,0.3172,0.0,0.8483,0.0,0.3808,0.1907,0.0742,0.5422
0.8516,0.0,0.0,0.8483,0.0,0.3808,0.0,0.0742,0.4604
0.2205,0.3684,0.0,0.5609,0.0,0.5157,0.5808,0.2445,0.4453
0.2205,0.3684,0.0,0.5609,0.0,0.5157,0.5808,0.0742,0.3201
0.7432,0.1322,0.0,0.8483,0.0,0.3808,0.0,0.739,0.5068
0.2009,0.5287,0.0,0.8483,0.0,0.3808,0.1907,0.2445,0.4983
0.4612,0.2115,0.0,0.8483,0.0,0.3808,0.1907,0.0742,0.5666
0.6347,0.0,0.0,0.8483,0.0,0.3808,0.1907,0.2445,0.6301
0.0858,0.5826,0.0,0.5609,0.0,0.7151,0.5341,0.2445,0.4613
0.5479,0.1057,0.0,0.8483,0.0,0.3808,0.1907,1.0,0.6704
0.6347,0.2643,0.0,0.8483,0.0,0.3808,0.0,0.2445,0.4763
0.8516,0.0,0.0,0.8483,0.0,0.3808,0.0,0.4918,0.5019
0.7432,0.1322,0.0,0.8483,0.0,0.3808,0.0,0.4918,0.4922
0.0858,0.5826,0.0,0.5609,0.0,0.7151,0.5341,0.0742,0.3227
0.0858,0.5826,0.0,0.5609,0.0,0.7151,0.5341,0.0055,0.0714
0.0858,0.5826,0.0,0.5609,0.0,0.7151,0.5341,0.4918,0.5217
0.6347,0.0,0.0,0.8483,0.0,0.3808,0.1907,1.0,0.6252
0.6347,0.0,0.0,0.8483,0.0,0.3808,0.1907,0.739,0.635
0.6347,0.2643,0.0,0.8483,0.0,0.3808,0.0,0.739,0.4836
0.5479,0.1057,0.0,0.8483,0.0,0.3808,0.1907,0.4918,0.6203
0.7432,0.1322,0.0,0.8483,0.0,0.3808,0.0,0.0742,0.4372
0.8516,0.0,0.0,0.8483,0.0,0.3808,0.0,0.0165,0.4519
0.4612,0.2115,0.0,0.8483,0.0,0.3808,0.1907,1.0,0.6594
0.3744,0.3172,0.0,0.8483,0.0,0.3808,0.1907,1.0,0.6301
0.2205,0.3684,0.0,0.5609,0.0,0.5157,0.5808,0.4918,0.4907
0.8516,0.0,0.0,0.8483,0.0,0.3808,0.0,0.739,0.4958
0.2009,0.5287,0.0,0.8483,0.0,0.3808,0.1907,1.0,0.6399
0.3094,0.6608,0.0,0.8483,0.0,0.3808,0.0,0.739,0.4494
0.3094,0.6608,0.0,0.8483,0.0,0.3808,0.0,0.0742,0.3457
0.5263,0.3965,0.0,0.8483,0.0,0.3808,0.0,0.2445,0.4409
0.8516,0.0,0.0,0.8483,0.0,0.3808,0.0,0.2445,0.4971
0.3094,0.6608,0.0,0.8483,0.0,0.3808,0.0,0.4918,0.4226
0.5479,0.1057,0.0,0.8483,0.0,0.3808,0.1907,0.2445,0.5996
0.7432,0.1322,0.0,0.8483,0.0,0.3808,0.0,1.0,0.5154
0.3094,0.6608,0.0,0.8483,0.0,0.3808,0.0,1.0,0.4568
0.6347,0.0,0.0,0.8483,0.0,0.3808,0.1907,0.4918,0.6325
0.7432,0.1322,0.0,0.8483,0.0,0.3808,0.0,0.2445,0.4885
0.7432,0.1322,0.0,0.8483,0.0,0.3808,0.0,0.0165,0.4079
0.5639,0.0,0.0,0.5609,0.0,0.7151,0.5341,0.0055,0.1584
0.6347,0.2643,0.0,0.8483,0.0,0.3808,0.0,0.4918,0.4787
0.3094,0.6608,0.0,0.8483,0.0,0.3808,0.0,0.0165,0.2981
0.6347,0.2643,0.0,0.8483,0.0,0.3808,0.0,0.0165,0.3799
0.5263,0.3965,0.0,0.8483,0.0,0.3808,0.0,0.4918,0.4665
0.2009,0.5287,0.0,0.8483,0.0,0.3808,0.1907,0.4918,0.5556
0.3094,0.6608,0.0,0.8483,0.0,0.3808,0.0,0.2445,0.3835
0.4612,0.2115,0.0,0.8483,0.0,0.3808,0.1907,0.2445,0.5837
0.0858,0.5826,0.0,0.5609,0.0,0.7151,0.5341,0.0165,0.1527
0.2205,0.3684,0.0,0.5609,0.0,0.5157,0.5808,0.0165,0.1533
0.8516,0.0,0.0,0.8483,0.0,0.3808,0.0,1.0,0.4934
0.2205,0.3684,0.0,0.5609,0.0,0.5157,0.5808,0.0055,0.0847
0.4612,0.2115,0.0,0.8483,0.0,0.3808,0.1907,0.4918,0.6057
0.5263,0.3965,0.0,0.8483,0.0,0.3808,0.0,0.0742,0.3823
0.4612,0.2115,0.0,0.8483,0.0,0.3808,0.1907,0.739,0.6484
0.3744,0.3172,0.0,0.8483,0.0,0.3808,0.1907,0.739,0.6155
0.4749,0.0,0.0,0.5609,0.0,0.4942,0.6438,0.0055,0.0939
0.2009,0.5287,0.0,0.8483,0.0,0.3808,0.1907,0.739,0.602
0.3744,0.3172,0.0,0.8483,0.0,0.3808,0.1907,0.4918,0.5776
0.5479,0.1057,0.0,0.8483,0.0,0.3808,0.1907,0.739,0.657
0.0858,0.5826,0.0,0.5609,0.0,0.7151,0.5341,0.9863,0.5278
0.5263,0.3965,0.0,0.8483,0.0,0.3808,0.0,0.0165,0.3481
0.2009,0.5287,0.0,0.8483,0.0,0.3808,0.1907,0.0742,0.48
0.8744,0.0,0.0,0.1936,0.0,0.9273,0.5168,0.0742,0.8678
0.621,0.5264,0.0,0.386,0.3137,0.3637,0.4082,0.0055,0.3995
0.4824,0.7295,0.0,0.4291,0.2671,0.7148,0.0447,0.0055,0.3297
0.7374,0.2958,0.0,0.2535,0.5124,0.1485,0.7353,0.0055,0.387
0.7374,0.2958,0.0,0.2367,0.5776,0.3924,0.5261,0.0055,0.4232
0.6233,0.261,0.0,0.0387,0.7267,0.1485,1.0,0.0055,0.3322
0.8516,0.3306,0.0,0.4739,0.2764,0.1485,0.4704,0.0055,0.4418
0.8379,0.3261,0.0,0.1281,1.0,0.1485,0.6184,0.0055,0.4717
0.7374,0.2958,0.0,0.2535,0.5124,0.1485,0.7353,0.0055,0.387
0.6543,0.2702,0.0,0.2886,0.3758,0.1485,0.8322,0.0055,0.321
0.9801,0.0,0.0,0.1601,0.8758,0.1485,0.7519,0.0055,0.4855
0.7374,0.2958,0.0,0.2535,0.5124,0.1485,0.7353,0.0055,0.387
0.495,0.5913,0.0,0.2711,0.4441,0.1485,0.7185,0.0055,0.2849
0.6845,0.2635,0.0,0.2048,0.354,0.4238,0.6475,0.0055,0.483
0.595,0.5259,0.0,0.3445,0.3602,0.4177,0.4059,0.0055,0.4107
0.5062,0.7869,0.0,0.4954,0.3199,0.4119,0.1653,0.0055,0.3235
0.6336,0.4207,0.0,0.2567,0.4938,0.9689,0.0276,0.0055,0.3273
0.595,0.5259,0.0,0.3445,0.3602,0.4177,0.4059,0.0055,0.4107
0.4208,0.559,0.0,0.1832,0.3478,0.5919,0.5261,0.0055,0.2749
0.595,0.5259,0.0,0.3445,0.3602,0.4177,0.4059,0.0055,0.4107
0.7694,0.4925,0.0,0.513,0.3447,0.2439,0.2858,0.0055,0.4606
0.6573,0.5259,0.0,0.1928,0.6832,0.4177,0.4059,0.0055,0.4767
0.595,0.5259,0.0,0.3445,0.3602,0.4177,0.4059,0.0055,0.4107
0.5386,0.5259,0.0,0.4244,0.295,0.4177,0.4059,0.0055,0.2712
0.621,0.5264,0.0,0.386,0.3137,0.3637,0.4082,0.0165,0.5465
0.4824,0.7295,0.0,0.4291,0.2671,0.7148,0.0447,0.0165,0.5041
0.7374,0.2958,0.0,0.2535,0.5124,0.1485,0.7353,0.0165,0.5839
0.7374,0.2958,0.0,0.2367,0.5776,0.3924,0.5261,0.0165,0.554
0.6233,0.261,0.0,0.0387,0.7267,0.1485,1.0,0.0165,0.5403
0.8516,0.3306,0.0,0.4739,0.2764,0.1485,0.4704,0.0165,0.6636
0.8379,0.3261,0.0,0.1281,1.0,0.1485,0.6184,0.0165,0.6549
0.7374,0.2958,0.0,0.2535,0.5124,0.1485,0.7353,0.0165,0.5839
0.6543,0.2702,0.0,0.2886,0.3758,0.1485,0.8322,0.0165,0.4058
0.9801,0.0,0.0,0.1601,0.8758,0.1485,0.7519,0.0165,0.5552
0.7374,0.2958,0.0,0.2535,0.5124,0.1485,0.7353,0.0165,0.5839
0.495,0.5913,0.0,0.2711,0.4441,0.1485,0.7185,0.0165,0.387
0.6845,0.2635,0.0,0.2048,0.354,0.4238,0.6475,0.0165,0.6449
0.595,0.5259,0.0,0.3445,0.3602,0.4177,0.4059,0.0165,0.6673
0.5062,0.7869,0.0,0.4954,0.3199,0.4119,0.1653,0.0165,0.5914
0.6336,0.4207,0.0,0.2567,0.4938,0.9689,0.0276,0.0165,0.5577
0.595,0.5259,0.0,0.3445,0.3602,0.4177,0.4059,0.0165,0.6673
0.4208,0.559,0.0,0.1832,0.3478,0.5919,0.5261,0.0165,0.4443
0.595,0.5259,0.0,0.3445,0.3602,0.4177,0.4059,0.0165,0.6673
0.7694,0.4925,0.0,0.513,0.3447,0.2439,0.2858,0.0165,0.6698
0.6573,0.5259,0.0,0.1928,0.6832,0.4177,0.4059,0.0165,0.7072
0.595,0.5259,0.0,0.3445,0.3602,0.4177,0.4059,0.0165,0.2562
0.5386,0.5259,0.0,0.4244,0.295,0.4177,0.4059,0.0165,0.4083
0.621,0.5264,0.0,0.386,0.3137,0.3637,0.4082,0.0742,0.7321
0.4824,0.7295,0.0,0.4291,0.2671,0.7148,0.0447,0.0742,0.7159
0.7374,0.2958,0.0,0.2535,0.5124,0.1485,0.7353,0.0742,0.7221
0.7374,0.2958,0.0,0.2367,0.5776,0.3924,0.5261,0.0742,0.7408
0.6233,0.261,0.0,0.0387,0.7267,0.1485,1.0,0.0742,0.6773
0.8516,0.3306,0.0,0.4739,0.2764,0.1485,0.4704,0.0742,0.8218
0.8379,0.3261,0.0,0.1281,1.0,0.1485,0.6184,0.0742,0.8044
0.7374,0.2958,0.0,0.2535,0.5124,0.1485,0.7353,0.0742,0.7221
0.6543,0.2702,0.0,0.2886,0.3758,0.1485,0.8322,0.0742,0.6026
0.9801,0.0,0.0,0.1601,0.8758,0.1485,0.7519,0.0742,0.6736
0.7374,0.2958,0.0,0.2535,0.5124,0.1485,0.7353,0.0742,0.7221
0.495,0.5913,0.0,0.2711,0.4441,0.1485,0.7185,0.0742,0.6623
0.6845,0.2635,0.0,0.2048,0.354,0.4238,0.6475,0.0742,0.8243
0.595,0.5259,0.0,0.3445,0.3602,0.4177,0.4059,0.0742,0.8592
0.5062,0.7869,0.0,0.4954,0.3199,0.4119,0.1653,0.0742,0.9016
0.6336,0.4207,0.0,0.2567,0.4938,0.9689,0.0276,0.0742,0.6213
0.595,0.5259,0.0,0.3445,0.3602,0.4177,0.4059,0.0742,0.8592
0.4208,0.559,0.0,0.1832,0.3478,0.5919,0.5261,0.0742,0.8144
0.595,0.5259,0.0,0.3445,0.3602,0.4177,0.4059,0.0742,0.8592
0.7694,0.4925,0.0,0.513,0.3447,0.2439,0.2858,0.0742,0.7932
0.6573,0.5259,0.0,0.1928,0.6832,0.4177,0.4059,0.0742,0.8991
0.595,0.5259,0.0,0.3445,0.3602,0.4177,0.4059,0.0742,0.8592
0.5386,0.5259,0.0,0.4244,0.295,0.4177,0.4059,0.0742,0.5926
0.621,0.5264,0.0,0.386,0.3137,0.3637,0.4082,0.1511,0.7608
0.4824,0.7295,0.0,0.4291,0.2671,0.7148,0.0447,0.1511,0.7795
0.7374,0.2958,0.0,0.2535,0.5124,0.1485,0.7353,0.1511,0.772
0.7374,0.2958,0.0,0.2367,0.5776,0.3924,0.5261,0.1511,0.7795
0.6233,0.261,0.0,0.0387,0.7267,0.1485,1.0,0.1511,0.7209
0.8516,0.3306,0.0,0.4739,0.2764,0.1485,0.4704,0.1511,0.8717
0.8379,0.3261,0.0,0.1281,1.0,0.1485,0.6184,0.1511,0.8343
0.7374,0.2958,0.0,0.2535,0.5124,0.1485,0.7353,0.1511,0.772
0.6543,0.2702,0.0,0.2886,0.3758,0.1485,0.8322,0.1511,0.6586
0.9801,0.0,0.0,0.1601,0.8758,0.1485,0.7519,0.1511,0.7035
0.7374,0.2958,0.0,0.2535,0.5124,0.1485,0.7353,0.1511,0.772
0.495,0.5913,0.0,0.2711,0.4441,0.1485,0.7185,0.1511,0.7944
0.6845,0.2635,0.0,0.2048,0.354,0.4238,0.6475,0.1511,0.8891
0.595,0.5259,0.0,0.3445,0.3602,0.4177,0.4059,0.1511,0.9339
0.5062,0.7869,0.0,0.4954,0.3199,0.4119,0.1653,0.1511,0.9701
0.6336,0.4207,0.0,0.2567,0.4938,0.9689,0.0276,0.1511,0.6549
0.595,0.5259,0.0,0.3445,0.3602,0.4177,0.4059,0.1511,0.9339
0.4208,0.559,0.0,0.1832,0.3478,0.5919,0.5261,0.1511,0.8803
0.595,0.5259,0.0,0.3445,0.3602,0.4177,0.4059,0.1511,0.9339
0.7694,0.4925,0.0,0.513,0.3447,0.2439,0.2858,0.1511,0.8642
0.6573,0.5259,0.0,0.1928,0.6832,0.4177,0.4059,0.1511,0.9601
0.595,0.5259,0.0,0.3445,0.3602,0.4177,0.4059,0.1511,0.9339
0.5386,0.5259,0.0,0.4244,0.295,0.4177,0.4059,0.1511,0.7171
0.621,0.5264,0.0,0.386,0.3137,0.3637,0.4082,0.2473,0.7795
0.4824,0.7295,0.0,0.4291,0.2671,0.7148,0.0447,0.2473,0.8006
0.7374,0.2958,0.0,0.2535,0.5124,0.1485,0.7353,0.2473,0.7832
0.7374,0.2958,0.0,0.2367,0.5776,0.3924,0.5261,0.2473,0.8019
0.6233,0.261,0.0,0.0387,0.7267,0.1485,1.0,0.2473,0.7496
0.8516,0.3306,0.0,0.4739,0.2764,0.1485,0.4704,0.2473,0.8953
0.8379,0.3261,0.0,0.1281,1.0,0.1485,0.6184,0.2473,0.8517
0.7374,0.2958,0.0,0.2535,0.5124,0.1485,0.7353,0.2473,0.7832
0.6543,0.2702,0.0,0.2886,0.3758,0.1485,0.8322,0.2473,0.6885
0.9801,0.0,0.0,0.1601,0.8758,0.1485,0.7519,0.2473,0.7085
0.7374,0.2958,0.0,0.2535,0.5124,0.1485,0.7353,0.2473,0.7832
0.495,0.5913,0.0,0.2711,0.4441,0.1485,0.7185,0.2473,0.8194
0.6845,0.2635,0.0,0.2048,0.354,0.4238,0.6475,0.2473,0.9115
0.595,0.5259,0.0,0.3445,0.3602,0.4177,0.4059,0.2473,0.9589
0.6336,0.4207,0.0,0.2567,0.4938,0.9689,0.0276,0.2473,0.6748
0.595,0.5259,0.0,0.3445,0.3602,0.4177,0.4059,0.2473,0.9589
0.4208,0.559,0.0,0.1832,0.3478,0.5919,0.5261,0.2473,0.9278
0.595,0.5259,0.0,0.3445,0.3602,0.4177,0.4059,0.2473,0.9589
0.7694,0.4925,0.0,0.513,0.3447,0.2439,0.2858,0.2473,0.8841
0.6573,0.5259,0.0,0.1928,0.6832,0.4177,0.4059,0.2473,1.0
0.595,0.5259,0.0,0.3445,0.3602,0.4177,0.4059,0.2473,0.9589
0.5386,0.5259,0.0,0.4244,0.295,0.4177,0.4059,0.2473,0.8156
0.2748,0.0,0.4831,0.5392,0.1385,0.4828,0.6932,0.0055,0.1152
0.2748,0.0,0.4831,0.5392,0.1385,0.4828,0.6932,0.0357,0.2755
0.2748,0.0,0.4831,0.5392,0.1385,0.4828,0.6932,0.0742,0.281
0.2748,0.0,0.4831,0.5392,0.1385,0.4828,0.6932,0.1511,0.3378
0.2748,0.0,0.4831,0.5392,0.1385,0.4828,0.6932,0.272,0.4782
0.3009,0.0,0.4727,0.6079,0.1418,0.4245,0.6477,0.0055,0.1003
0.3009,0.0,0.4727,0.6079,0.1418,0.4245,0.6477,0.0357,0.2468
0.3009,0.0,0.4727,0.6079,0.1418,0.4245,0.6477,0.0742,0.2554
0.3009,0.0,0.4727,0.6079,0.1418,0.4245,0.6477,0.1511,0.3156
0.3009,0.0,0.4727,0.6079,0.1418,0.4245,0.6477,0.272,0.4015
0.2116,0.0,0.5023,0.3503,0.2323,0.5971,0.7825,0.0055,0.1261
0.2116,0.0,0.5023,0.3503,0.2323,0.5971,0.7825,0.0357,0.2822
0.2116,0.0,0.5023,0.3503,0.2323,0.5971,0.7825,0.0742,0.2914
0.2116,0.0,0.5023,0.3503,0.2323,0.5971,0.7825,0.1511,0.3941
0.2116,0.0,0.5023,0.3503,0.2323,0.5971,0.7825,0.272,0.4362
0.2025,0.0,0.6267,0.3225,0.2413,0.8401,0.5269,0.0055,0.1584
0.2025,0.0,0.6267,0.3225,0.2413,0.8401,0.5269,0.0357,0.2334
0.2025,0.0,0.6267,0.3225,0.2413,0.8401,0.5269,0.0742,0.2999
0.2025,0.0,0.6267,0.3225,0.2413,0.8401,0.5269,0.1511,0.4113
0.2025,0.0,0.6267,0.3225,0.2413,0.8401,0.5269,0.272,0.4764
0.2513,0.0,0.6078,0.4675,0.1767,0.7459,0.4649,0.0055,0.1263
0.2513,0.0,0.6078,0.4675,0.1767,0.7459,0.4649,0.0357,0.2316
0.2513,0.0,0.6078,0.4675,0.1767,0.7459,0.4649,0.0742,0.2812
0.2513,0.0,0.6078,0.4675,0.1767,0.7459,0.4649,0.1511,0.3971
0.2513,0.0,0.6078,0.4675,0.1767,0.7459,0.4649,0.272,0.4644
0.2922,0.0,0.5913,0.5886,0.1438,0.664,0.4129,0.0055,0.0959
0.2922,0.0,0.5913,0.5886,0.1438,0.664,0.4129,0.0357,0.2212
0.2922,0.0,0.5913,0.5886,0.1438,0.664,0.4129,0.0742,0.276
0.2922,0.0,0.5913,0.5886,0.1438,0.664,0.4129,0.1511,0.3638
0.2922,0.0,0.5913,0.5886,0.1438,0.664,0.4129,0.272,0.4113
0.2017,0.0,0.6256,0.3202,0.3068,0.8346,0.5233,0.0055,0.0886
0.2017,0.0,0.6256,0.3202,0.3068,0.8346,0.5233,0.0357,0.254
0.2017,0.0,0.6256,0.3202,0.3068,0.8346,0.5233,0.0742,0.3256
0.2017,0.0,0.6256,0.3202,0.3068,0.8346,0.5233,0.1511,0.4514
0.2017,0.0,0.6256,0.3202,0.3068,0.8346,0.5233,0.272,0.4741
0.1463,0.0,0.8159,0.4368,0.1394,0.7488,0.4669,0.0055,0.105
0.1463,0.0,0.8159,0.4368,0.1394,0.7488,0.4669,0.0357,0.2884
0.1463,0.0,0.8159,0.4368,0.1394,0.7488,0.4669,0.0742,0.2393
0.1463,0.0,0.8159,0.4368,0.1394,0.7488,0.4669,0.1511,0.3276
0.1463,0.0,0.8159,0.4368,0.1394,0.7488,0.4669,0.272,0.3888
0.1506,0.1171,0.8187,0.0,0.1776,0.7491,0.4669,0.0055,0.0675
0.1506,0.1171,0.8187,0.0,0.1776,0.7491,0.4669,0.0357,0.193
0.1506,0.1171,0.8187,0.0,0.1776,0.7491,0.4669,0.0742,0.273
0.1506,0.1171,0.8187,0.0,0.1776,0.7491,0.4669,0.1511,0.3803
0.1506,0.1171,0.8187,0.0,0.1776,0.7491,0.4669,0.272,0.4597
0.2551,0.2728,0.1225,0.4787,0.213,0.7698,0.4801,0.0055,0.1951
0.2551,0.2728,0.1225,0.4787,0.213,0.7698,0.4801,0.0357,0.3495
0.2551,0.2728,0.1225,0.4787,0.213,0.7698,0.4801,0.0742,0.5404
0.2551,0.2728,0.1225,0.4787,0.213,0.7698,0.4801,0.1511,0.6035
0.2551,0.2728,0.1225,0.4787,0.213,0.7698,0.4801,0.272,0.6425
0.2552,0.2728,0.1225,0.479,0.2065,0.7703,0.4805,0.0055,0.1352
0.2552,0.2728,0.1225,0.479,0.2065,0.7703,0.4805,0.0357,0.1932
0.2552,0.2728,0.1225,0.479,0.2065,0.7703,0.4805,0.0742,0.4722
0.2552,0.2728,0.1225,0.479,0.2065,0.7703,0.4805,0.1511,0.5581
0.2552,0.2728,0.1225,0.479,0.2065,0.7703,0.4805,0.272,0.5935
0.2915,0.0,0.5905,0.5867,0.1904,0.6602,0.4105,0.0055,0.1373
0.2915,0.0,0.5905,0.5867,0.1904,0.6602,0.4105,0.0357,0.249
0.2915,0.0,0.5905,0.5867,0.1904,0.6602,0.4105,0.0742,0.2767
0.2915,0.0,0.5905,0.5867,0.1904,0.6602,0.4105,0.1511,0.3615
0.2915,0.0,0.5905,0.5867,0.1904,0.6602,0.4105,0.272,0.48
0.3106,0.0,0.4703,0.5182,0.2174,0.4329,0.6347,0.0055,0.2193
0.3106,0.0,0.4703,0.5182,0.2174,0.4329,0.6347,0.0357,0.291
0.3106,0.0,0.4703,0.5182,0.2174,0.4329,0.6347,0.0742,0.3476
0.3106,0.0,0.4703,0.5182,0.2174,0.4329,0.6347,0.1511,0.4642
0.3106,0.0,0.4703,0.5182,0.2174,0.4329,0.6347,0.272,0.5228
0.3379,0.0,0.4782,0.5243,0.1717,0.4531,0.6703,0.0055,0.1431
0.3379,0.0,0.4782,0.5243,0.1717,0.4531,0.6703,0.0357,0.2814
0.3379,0.0,0.4782,0.5243,0.1717,0.4531,0.6703,0.0742,0.335
0.3379,0.0,0.4782,0.5243,0.1717,0.4531,0.6703,0.1511,0.4485
0.3379,0.0,0.4782,0.5243,0.1717,0.4531,0.6703,0.272,0.4985
0.2523,0.0,0.5016,0.3,0.2705,0.6012,0.7767,0.0055,0.1397
0.2523,0.0,0.5016,0.3,0.2705,0.6012,0.7767,0.0357,0.2987
0.2523,0.0,0.5016,0.3,0.2705,0.6012,0.7767,0.0742,0.3651
0.2523,0.0,0.5016,0.3,0.2705,0.6012,0.7767,0.1511,0.501
0.2523,0.0,0.5016,0.3,0.2705,0.6012,0.7767,0.272,0.5057
0.2524,0.0,0.5017,0.3002,0.322,0.5895,0.7772,0.0055,0.1371
0.2524,0.0,0.5017,0.3002,0.322,0.5895,0.7772,0.0357,0.2871
0.2524,0.0,0.5017,0.3002,0.322,0.5895,0.7772,0.0742,0.4369
0.2524,0.0,0.5017,0.3002,0.322,0.5895,0.7772,0.1511,0.524
0.2524,0.0,0.5017,0.3002,0.322,0.5895,0.7772,0.272,0.5657
0.2511,0.0,0.6236,0.2974,0.2435,0.8267,0.5157,0.0055,0.2141
0.2511,0.0,0.6236,0.2974,0.2435,0.8267,0.5157,0.0357,0.3615
0.2511,0.0,0.6236,0.2974,0.2435,0.8267,0.5157,0.0742,0.4506
0.2511,0.0,0.6236,0.2974,0.2435,0.8267,0.5157,0.1511,0.5326
0.2511,0.0,0.6236,0.2974,0.2435,0.8267,0.5157,0.272,0.5666
0.2962,0.0,0.6078,0.4168,0.2087,0.7424,0.4627,0.0055,0.1633
0.2962,0.0,0.6078,0.4168,0.2087,0.7424,0.4627,0.0357,0.3045
0.2962,0.0,0.6078,0.4168,0.2087,0.7424,0.4627,0.0742,0.3912
0.2962,0.0,0.6078,0.4168,0.2087,0.7424,0.4627,0.1511,0.5029
0.2962,0.0,0.6078,0.4168,0.2087,0.7424,0.4627,0.272,0.542
0.341,0.0,0.5911,0.5325,0.1786,0.661,0.4108,0.0055,0.1855
0.341,0.0,0.5911,0.5325,0.1786,0.661,0.4108,0.0357,0.3438
0.341,0.0,0.5911,0.5325,0.1786,0.661,0.4108,0.0742,0.3404
0.341,0.0,0.5911,0.5325,0.1786,0.661,0.4108,0.1511,0.4315
0.341,0.0,0.5911,0.5325,0.1786,0.661,0.4108,0.272,0.5139
0.341,0.0,0.5911,0.5325,0.1972,0.661,0.4108,0.0055,0.1344
0.341,0.0,0.5911,0.5325,0.1972,0.661,0.4108,0.0357,0.2753
0.341,0.0,0.5911,0.5325,0.1972,0.661,0.4108,0.0742,0.3778
0.341,0.0,0.5911,0.5325,0.1972,0.661,0.4108,0.1511,0.4274
0.341,0.0,0.5911,0.5325,0.1972,0.661,0.4108,0.272,0.5217
0.1812,0.0,0.8346,0.382,0.2348,0.7401,0.4611,0.0055,0.1407
0.1812,0.0,0.8346,0.382,0.2348,0.7401,0.4611,0.0357,0.2401
0.1812,0.0,0.8346,0.382,0.2348,0.7401,0.4611,0.0742,0.3169
0.1812,0.0,0.8346,0.382,0.2348,0.7401,0.4611,0.1511,0.4141
0.1812,0.0,0.8346,0.382,0.2348,0.7401,0.4611,0.272,0.5362
0.1827,0.1258,0.6095,0.3869,0.2543,0.7512,0.4683,0.0055,0.0621
0.1827,0.1258,0.6095,0.3869,0.2543,0.7512,0.4683,0.0357,0.2389
0.1827,0.1258,0.6095,0.3869,0.2543,0.7512,0.4683,0.0742,0.3605
0.1827,0.1258,0.6095,0.3869,0.2543,0.7512,0.4683,0.1511,0.5129
0.1827,0.1258,0.6095,0.3869,0.2543,0.7512,0.4683,0.272,0.5773
0.1527,0.1175,0.6209,0.2921,0.3363,0.8134,0.5072,0.0055,0.0631
0.1527,0.1175,0.6209,0.2921,0.3363,0.8134,0.5072,0.0357,0.2639
0.1527,0.1175,0.6209,0.2921,0.3363,0.8134,0.5072,0.0742,0.3586
0.1527,0.1175,0.6209,0.2921,0.3363,0.8134,0.5072,0.1511,0.4587
0.1527,0.1175,0.6209,0.2921,0.3363,0.8134,0.5072,0.272,0.5709
0.43,0.0,0.4807,0.3699,0.2922,0.4656,0.6799,0.0055,0.2513
0.43,0.0,0.4807,0.3699,0.2922,0.4656,0.6799,0.0357,0.4029
0.43,0.0,0.4807,0.3699,0.2922,0.4656,0.6799,0.0742,0.4037
0.43,0.0,0.4807,0.3699,0.2922,0.4656,0.6799,0.1511,0.5326
0.43,0.0,0.4807,0.3699,0.2922,0.4656,0.6799,0.272,0.5811
0.3997,0.0,0.4867,0.3102,0.3674,0.5026,0.7065,0.0055,0.2592
0.3997,0.0,0.4867,0.3102,0.3674,0.5026,0.7065,0.0357,0.4928
0.3997,0.0,0.4867,0.3102,0.3674,0.5026,0.7065,0.0742,0.5725
0.3997,0.0,0.4867,0.3102,0.3674,0.5026,0.7065,0.1511,0.6068
0.3997,0.0,0.4867,0.3102,0.3674,0.5026,0.7065,0.272,0.6641
0.4423,0.0,0.478,0.3975,0.2755,0.4481,0.6653,0.0055,0.2568
0.4423,0.0,0.478,0.3975,0.2755,0.4481,0.6653,0.0357,0.4099
0.4423,0.0,0.478,0.3975,0.2755,0.4481,0.6653,0.0742,0.4686
0.4423,0.0,0.478,0.3975,0.2755,0.4481,0.6653,0.1511,0.5779
0.4423,0.0,0.478,0.3975,0.2755,0.4481,0.6653,0.272,0.6193
0.342,0.0,0.4995,0.1947,0.3835,0.5959,0.7671,0.0055,0.2329
0.342,0.0,0.4995,0.1947,0.3835,0.5959,0.7671,0.0357,0.3865
0.342,0.0,0.4995,0.1947,0.3835,0.5959,0.7671,0.0742,0.3938
0.342,0.0,0.4995,0.1947,0.3835,0.5959,0.7671,0.1511,0.5209
0.342,0.0,0.4995,0.1947,0.3835,0.5959,0.7671,0.272,0.5362
0.3358,0.0,0.4935,0.2903,0.3975,0.5429,0.7401,0.0055,0.1623
0.3358,0.0,0.4935,0.2903,0.3975,0.5429,0.7401,0.0357,0.3283
0.3358,0.0,0.4935,0.2903,0.3975,0.5429,0.7401,0.0742,0.3553
0.3358,0.0,0.4935,0.2903,0.3975,0.5429,0.7401,0.1511,0.4946
0.3358,0.0,0.4935,0.2903,0.3975,0.5429,0.7401,0.272,0.607
0.3432,0.0,0.4935,0.1956,0.4401,0.5429,0.7401,0.0055,0.2423
0.3432,0.0,0.4935,0.1956,0.4401,0.5429,0.7401,0.0357,0.4978
0.3432,0.0,0.4935,0.1956,0.4401,0.5429,0.7401,0.0742,0.6014
0.3432,0.0,0.4935,0.1956,0.4401,0.5429,0.7401,0.1511,0.6665
0.3432,0.0,0.4935,0.1956,0.4401,0.5429,0.7401,0.272,0.7303
0.3307,0.0,0.6251,0.1721,0.3724,0.8308,0.519,0.0055,0.264
0.3307,0.0,0.6251,0.1721,0.3724,0.8308,0.519,0.0357,0.4969
0.3307,0.0,0.6251,0.1721,0.3724,0.8308,0.519,0.0742,0.6251
0.3307,0.0,0.6251,0.1721,0.3724,0.8308,0.519,0.1511,0.7225
0.3307,0.0,0.6251,0.1721,0.3724,0.8308,0.519,0.272,0.7985
0.3951,0.0,0.6064,0.3012,0.3075,0.7343,0.4604,0.0055,0.2675
0.3951,0.0,0.6064,0.3012,0.3075,0.7343,0.4604,0.0357,0.454
0.3951,0.0,0.6064,0.3012,0.3075,0.7343,0.4604,0.0742,0.6105
0.3951,0.0,0.6064,0.3012,0.3075,0.7343,0.4604,0.1511,0.6792
0.3951,0.0,0.6064,0.3012,0.3075,0.7343,0.4604,0.272,0.7011
0.4456,0.0,0.5874,0.4236,0.2957,0.6448,0.4,0.0055,0.2439
0.4456,0.0,0.5874,0.4236,0.2957,0.6448,0.4,0.0357,0.4318
0.4456,0.0,0.5874,0.4236,0.2957,0.6448,0.4,0.0742,0.5615
0.4456,0.0,0.5874,0.4236,0.2957,0.6448,0.4,0.1511,0.6183
0.4456,0.0,0.5874,0.4236,0.2957,0.6448,0.4,0.272,0.6779
0.2551,0.0,0.8733,0.2638,0.3155,0.734,0.4575,0.0055,0.1899
0.2551,0.0,0.8733,0.2638,0.3155,0.734,0.4575,0.0357,0.3912
0.2551,0.0,0.8733,0.2638,0.3155,0.734,0.4575,0.0742,0.4711
0.2551,0.0,0.8733,0.2638,0.3155,0.734,0.4575,0.1511,0.552
0.2551,0.0,0.8733,0.2638,0.3155,0.734,0.4575,0.272,0.5948
0.2546,0.0,0.8708,0.2624,0.3621,0.7305,0.4553,0.0055,0.1873
0.2546,0.0,0.8708,0.2624,0.3621,0.7305,0.4553,0.0357,0.3908
0.2546,0.0,0.8708,0.2624,0.3621,0.7305,0.4553,0.0742,0.5433
0.2546,0.0,0.8708,0.2624,0.3621,0.7305,0.4553,0.1511,0.6117
0.2546,0.0,0.8708,0.2624,0.3621,0.7305,0.4553,0.272,0.7098
0.4,0.2722,0.1222,0.311,0.3475,0.7578,0.4728,0.0055,0.3503
0.4,0.2722,0.1222,0.311,0.3475,0.7578,0.4728,0.0357,0.5654
0.4,0.2722,0.1222,0.311,0.3475,0.7578,0.4728,0.0742,0.7576
0.4,0.2722,0.1222,0.311,0.3475,0.7578,0.4728,0.1511,0.8035
0.4,0.2722,0.1222,0.311,0.3475,0.7578,0.4728,0.272,0.805
0.2654,0.152,0.6186,0.1517,0.3699,0.7985,0.4984,0.0055,0.3126
0.2654,0.152,0.6186,0.1517,0.3699,0.7985,0.4984,0.0357,0.4189
0.2654,0.152,0.6186,0.1517,0.3699,0.7985,0.4984,0.0742,0.6625
0.2654,0.152,0.6186,0.1517,0.3699,0.7985,0.4984,0.1511,0.7433
0.2654,0.152,0.6186,0.1517,0.3699,0.7985,0.4984,0.272,0.7624
0.2578,0.1497,0.6091,0.2705,0.2984,0.6201,0.4681,0.0055,0.1954
0.2578,0.1497,0.6091,0.2705,0.2984,0.6201,0.4681,0.0357,0.4519
0.2578,0.1497,0.6091,0.2705,0.2984,0.6201,0.4681,0.0742,0.6213
0.2578,0.1497,0.6091,0.2705,0.2984,0.6201,0.4681,0.1511,0.6432
0.2578,0.1497,0.6091,0.2705,0.2984,0.6201,0.4681,0.272,0.6765
0.2668,0.0,0.6203,0.2933,0.3519,0.8073,0.504,0.0055,0.1621
0.2668,0.0,0.6203,0.2933,0.3519,0.8073,0.504,0.0357,0.2955
0.2668,0.0,0.6203,0.2933,0.3519,0.8073,0.504,0.0742,0.3474
0.2668,0.0,0.6203,0.2933,0.3519,0.8073,0.504,0.1511,0.4352
0.2668,0.0,0.6203,0.2933,0.3519,0.8073,0.504,0.272,0.5469
0.6256,0.0,0.0,0.7413,0.0,0.5887,0.4224,0.0055,0.1738
0.6256,0.0,0.0,0.7413,0.0,0.5887,0.4224,0.0357,0.2901
0.6256,0.0,0.0,0.7413,0.0,0.5887,0.4224,0.0742,0.3693
0.6256,0.0,0.0,0.7413,0.0,0.5887,0.4224,0.1511,0.4232
0.6256,0.0,0.0,0.7413,0.0,0.5887,0.4224,0.272,0.5074
0.9087,0.0,0.0,0.1457,0.1242,0.4797,0.6498,0.0742,0.8127
0.8516,0.0,0.2949,0.1617,0.059,0.8634,0.1179,0.0742,0.6839
0.4863,0.3812,0.0,0.1856,0.1832,0.9564,0.3788,0.0742,0.9894
0.9201,0.0,0.2999,0.5848,0.0,0.6657,0.0903,0.0742,0.7685
0.7968,0.0,0.0,0.3453,0.3494,0.6657,0.3788,0.0742,0.9527
0.9452,0.0,0.0,0.3214,0.2547,0.0,0.5218,0.0742,0.4863
0.9543,0.0,0.0,0.3852,0.1615,0.157,0.6548,0.0742,0.722
0.9726,0.0,0.0,0.505,0.213,0.3459,0.3161,0.0742,0.679
0.9543,0.0,0.0,0.4251,0.1615,0.2006,0.5294,0.0742,0.6066
0.6461,0.0,0.6797,0.2894,0.6211,0.2965,0.4365,0.0742,0.663
0.9089,0.0,0.0,0.6248,0.0932,0.9401,0.0482,0.0742,0.5208
0.7947,0.1391,0.0,0.6248,0.0932,0.9401,0.0482,0.0742,0.4615
0.6735,0.0479,0.7896,0.3613,0.646,0.4826,0.0978,0.0742,0.6642
0.5274,0.0487,0.8146,0.3613,0.5559,0.5669,0.1455,0.0742,0.5599
0.5297,0.049,0.7896,0.5369,0.4752,0.4826,0.0978,0.0742,0.5232
0.6918,0.0,0.0,0.4251,0.0,0.9273,0.2534,0.0742,0.6226
0.2237,0.5565,0.0,0.5449,0.0,1.0,0.1656,0.0742,0.5845
0.9452,0.0,0.0,0.3214,0.2565,0.0,0.5218,0.0742,0.4863
0.0982,0.3228,0.5947,0.497,0.177,0.093,0.7175,0.0742,0.3342
0.1324,0.3561,0.6097,0.481,0.1988,0.0669,0.715,0.0742,0.4618
0.3014,0.4341,0.0,0.5369,0.1817,0.5233,0.4165,0.0742,0.4606
0.3379,0.5008,0.4748,0.2974,0.2935,0.1715,0.5168,0.0742,0.8164
0.8516,0.0,0.0,0.3214,0.295,0.7064,0.1706,0.0742,0.7
0.4178,0.5287,0.0,0.3293,0.236,0.6686,0.2283,0.0742,0.6385
0.5799,0.3311,0.0,0.3054,0.2804,0.7558,0.1581,0.0742,0.706
0.395,0.5008,0.5997,0.3214,0.3214,0.0843,0.429,0.0742,0.9207
0.9087,0.0,0.0,0.2335,0.2795,0.6744,0.153,0.0742,0.841
0.1438,0.0001,0.7175,0.3358,0.0,0.5948,0.7699,0.0055,0.1503
0.1438,0.3575,0.6602,0.4256,0.2509,0.5953,0.3828,0.0055,0.2128
0.1736,0.3612,0.5927,0.4646,0.1109,0.5997,0.3833,0.0055,0.2292
0.1492,0.3614,0.6428,0.4288,0.2419,0.5968,0.3828,0.0055,0.1571
0.1607,0.0379,0.8614,0.2795,0.1286,0.5968,0.6583,0.0055,0.2362
0.1633,0.1393,0.8672,0.3435,0.2009,0.5965,0.5005,0.0055,0.2584
0.1484,0.2098,0.8346,0.3376,0.2457,0.5997,0.4418,0.0055,0.1643
0.1639,0.2598,0.7991,0.4039,0.3022,0.5994,0.3828,0.0055,0.168
0.2017,0.0,0.6256,0.3582,0.3068,0.8081,0.514,0.0055,0.1273
0.3379,0.0,0.4782,0.5596,0.1655,0.4299,0.6603,0.0055,0.0767
0.2546,0.0,0.8708,0.2991,0.3621,0.7052,0.4463,0.0055,0.1654
0.2116,0.0,0.5023,0.3866,0.2323,0.5727,0.7722,0.0055,0.1226
0.341,0.0,0.5911,0.5684,0.1786,0.7052,0.4022,0.0055,0.1202
0.1438,0.0001,0.7175,0.3358,0.0,0.5948,0.7699,0.0357,0.1812
0.1438,0.3575,0.6602,0.4256,0.2509,0.5953,0.3828,0.0357,0.3832
0.1736,0.3612,0.5927,0.4646,0.1109,0.5997,0.3833,0.0357,0.3975
0.1492,0.3614,0.6428,0.4288,0.2419,0.5968,0.3828,0.0357,0.3673
0.1607,0.0379,0.8614,0.2795,0.1286,0.5968,0.6583,0.0357,0.3416
0.1633,0.1393,0.8672,0.3435,0.2009,0.5965,0.5005,0.0357,0.3821
0.1484,0.2098,0.8346,0.3376,0.2457,0.5997,0.4418,0.0357,0.3809
0.1639,0.2598,0.7991,0.4039,0.3022,0.5994,0.3828,0.0357,0.3391
0.2017,0.0,0.6256,0.3582,0.3068,0.8081,0.514,0.0357,0.2128
0.3379,0.0,0.4782,0.5596,0.1655,0.4299,0.6603,0.0357,0.2781
0.2546,0.0,0.8708,0.2991,0.3621,0.7052,0.4463,0.0357,0.3396
0.2116,0.0,0.5023,0.3866,0.2323,0.5727,0.7722,0.0357,0.2735
0.341,0.0,0.5911,0.5684,0.1786,0.7052,0.4022,0.0357,0.2292
0.1438,0.0001,0.7175,0.3358,0.0,0.5948,0.7699,0.0742,0.2974
0.1438,0.3575,0.6602,0.4256,0.2509,0.5953,0.3828,0.0742,0.5489
0.1736,0.3612,0.5927,0.4646,0.1109,0.5997,0.3833,0.0742,0.4588
0.1492,0.3614,0.6428,0.4288,0.2419,0.5968,0.3828,0.0742,0.4843
0.1607,0.0379,0.8614,0.2795,0.1286,0.5968,0.6583,0.0742,0.3906
0.1633,0.1393,0.8672,0.3435,0.2009,0.5965,0.5005,0.0742,0.4469
0.1484,0.2098,0.8346,0.3376,0.2457,0.5997,0.4418,0.0742,0.4868
0.1639,0.2598,0.7991,0.4039,0.3022,0.5994,0.3828,0.0742,0.442
0.2017,0.0,0.6256,0.3582,0.3068,0.8081,0.514,0.0742,0.2805
0.3379,0.0,0.4782,0.5596,0.1655,0.4299,0.6603,0.0742,0.3101
0.2546,0.0,0.8708,0.2991,0.3621,0.7052,0.4463,0.0742,0.527
0.2116,0.0,0.5023,0.3866,0.2323,0.5727,0.7722,0.0742,0.4352
0.341,0.0,0.5911,0.5684,0.1786,0.7052,0.4022,0.0742,0.3855
0.1438,0.0001,0.7175,0.3358,0.0,0.5948,0.7699,0.1511,0.4265
0.1438,0.3575,0.6602,0.4256,0.2509,0.5953,0.3828,0.1511,0.6403
0.1736,0.3612,0.5927,0.4646,0.1109,0.5997,0.3833,0.1511,0.5763
0.1492,0.3614,0.6428,0.4288,0.2419,0.5968,0.3828,0.1511,0.6154
0.1607,0.0379,0.8614,0.2795,0.1286,0.5968,0.6583,0.1511,0.4176
0.1633,0.1393,0.8672,0.3435,0.2009,0.5965,0.5005,0.1511,0.6409
0.1484,0.2098,0.8346,0.3376,0.2457,0.5997,0.4418,0.1511,0.637
0.1639,0.2598,0.7991,0.4039,0.3022,0.5994,0.3828,0.1511,0.5813
0.2017,0.0,0.6256,0.3582,0.3068,0.8081,0.514,0.1511,0.3661
0.3379,0.0,0.4782,0.5596,0.1655,0.4299,0.6603,0.1511,0.4649
0.2546,0.0,0.8708,0.2991,0.3621,0.7052,0.4463,0.1511,0.6095
0.2116,0.0,0.5023,0.3866,0.2323,0.5727,0.7722,0.1511,0.5115
0.341,0.0,0.5911,0.5684,0.1786,0.7052,0.4022,0.1511,0.4601
0.1438,0.0001,0.7175,0.3358,0.0,0.5948,0.7699,0.272,0.4438
0.1438,0.3575,0.6602,0.4256,0.2509,0.5953,0.3828,0.272,0.6564
0.1736,0.3612,0.5927,0.4646,0.1109,0.5997,0.3833,0.272,0.5938
0.1492,0.3614,0.6428,0.4288,0.2419,0.5968,0.3828,0.272,0.6394
0.1607,0.0379,0.8614,0.2795,0.1286,0.5968,0.6583,0.272,0.4404
0.1633,0.1393,0.8672,0.3435,0.2009,0.5965,0.5005,0.272,0.6694
0.1484,0.2098,0.8346,0.3376,0.2457,0.5997,0.4418,0.272,0.6787
0.1639,0.2598,0.7991,0.4039,0.3022,0.5994,0.3828,0.272,0.6056
0.2017,0.0,0.6256,0.3582,0.3068,0.8081,0.514,0.272,0.3891
0.3379,0.0,0.4782,0.5596,0.1655,0.4299,0.6603,0.272,0.4838
0.2546,0.0,0.8708,0.2991,0.3621,0.7052,0.4463,0.272,0.6307
0.2116,0.0,0.5023,0.3866,0.2323,0.5727,0.7722,0.272,0.5226
0.341,0.0,0.5911,0.5684,0.1786,0.7052,0.4022,0.272,0.4711
0.7854,0.0668,0.3948,0.3214,0.3606,0.4826,0.296,0.0742,0.6814
0.7854,0.0668,0.3948,0.3214,0.3615,0.4826,0.296,0.0742,0.5244
0.7854,0.0668,0.3948,0.3214,0.3615,0.4826,0.296,0.0742,0.6066
0.7854,0.0668,0.3948,0.3214,0.3199,0.4826,0.296,0.0742,0.6361
0.7854,0.0668,0.3948,0.3214,0.3606,0.4826,0.296,0.0055,0.4115
0.7854,0.0668,0.3948,0.3214,0.3615,0.4826,0.296,0.0055,0.2827
0.7854,0.0668,0.3948,0.3214,0.3615,0.4826,0.296,0.0055,0.2618
0.7854,0.0668,0.3948,0.3214,0.3606,0.4826,0.296,0.0165,0.6189
0.7854,0.0668,0.3948,0.3214,0.3615,0.4826,0.296,0.0165,0.4446
0.7854,0.0668,0.3948,0.3214,0.3615,0.4826,0.296,0.0165,0.4606
0.7854,0.0668,0.3948,0.3214,0.3606,0.4826,0.296,0.1511,0.7317
0.7854,0.0668,0.3948,0.3214,0.3615,0.4826,0.296,0.1511,0.6704
0.7854,0.0668,0.3948,0.3214,0.3615,0.4826,0.296,0.1511,0.6593
0.7854,0.0668,0.3948,0.3214,0.3199,0.4826,0.296,0.1511,0.6532
0.6507,0.0556,0.4698,0.2814,0.4447,0.3983,0.6297,0.0742,0.5968
0.6507,0.0556,0.4698,0.2814,0.4326,0.3983,0.6297,0.0742,0.5526
0.6507,0.0556,0.4698,0.2814,0.3606,0.3983,0.6297,0.0742,0.5526
0.6507,0.0556,0.4698,0.2814,0.4447,0.3983,0.6297,0.0055,0.2544
0.6507,0.0556,0.4698,0.2814,0.4326,0.3983,0.6297,0.0055,0.2888
0.6507,0.0556,0.4698,0.2814,0.3606,0.3983,0.6297,0.0055,0.4041
0.6507,0.0556,0.4698,0.2814,0.4447,0.3983,0.6297,0.0165,0.4299
0.6507,0.0556,0.4698,0.2814,0.4326,0.3983,0.6297,0.0165,0.5428
0.6507,0.0556,0.4698,0.2814,0.3606,0.3983,0.6297,0.0165,0.49
0.6507,0.0556,0.4698,0.2814,0.4447,0.3983,0.6297,0.1511,0.6728
0.6507,0.0556,0.4698,0.2814,0.4326,0.3983,0.6297,0.1511,0.5685
0.6507,0.0556,0.4698,0.2814,0.3606,0.3983,0.6297,0.1511,0.7366
0.5776,0.0529,0.4848,0.1856,0.4078,0.4826,0.6949,0.0742,0.5195
0.5776,0.0529,0.4848,0.1856,0.3804,0.4826,0.6949,0.0742,0.6618
0.8881,0.0723,0.6147,0.7046,0.122,0.2355,0.2634,0.0742,0.663
0.8881,0.0723,0.6147,0.6327,0.122,0.061,0.2634,0.0742,0.6925
0.8881,0.0723,0.6147,0.7046,0.122,0.2355,0.2634,0.0055,0.29
0.8881,0.0723,0.6147,0.7046,0.122,0.2355,0.2634,0.0165,0.3882
0.8881,0.0723,0.6147,0.7046,0.122,0.2355,0.2634,0.1511,0.7133
0.8881,0.0723,0.6147,0.6327,0.122,0.061,0.2634,0.0055,0.3391
0.8881,0.0723,0.6147,0.6327,0.122,0.061,0.2634,0.0165,0.4434
0.8881,0.0723,0.6147,0.6327,0.122,0.061,0.2634,0.1511,0.7416
0.7352,0.0612,0.6597,0.4491,0.2634,0.061,0.3914,0.0742,0.744
0.7352,0.0612,0.6597,0.4491,0.2634,0.2355,0.3914,0.0055,0.3698
0.7352,0.0612,0.6597,0.3693,0.277,0.061,0.3914,0.0742,0.8692
0.7352,0.0612,0.6597,0.4491,0.2634,0.061,0.3914,0.0165,0.4569
0.7352,0.0612,0.6597,0.4491,0.2634,0.061,0.3914,0.1511,0.7894
0.7352,0.0612,0.6597,0.3693,0.277,0.061,0.3914,0.0055,0.371
0.7352,0.0612,0.6597,0.3693,0.277,0.061,0.3914,0.0165,0.4728
0.7352,0.0612,0.6597,0.3693,0.277,0.061,0.3914,0.1511,0.8974
0.2283,0.0306,0.7046,0.6727,0.0534,0.4099,0.5193,0.0742,0.2446
0.2283,0.0306,0.7046,0.6727,0.0534,0.4099,0.5193,0.0055,0.0937
0.2283,0.0306,0.7046,0.6727,0.0534,0.4099,0.5193,0.0165,0.1587
0.2283,0.0306,0.7046,0.6727,0.0534,0.4099,0.5193,0.1511,0.2605
0.4155,0.0417,0.7046,0.4571,0.1696,0.1192,0.5193,0.0742,0.5158
0.4155,0.0417,0.7046,0.4571,0.1696,0.1192,0.5193,0.0055,0.1378
0.4155,0.0417,0.7046,0.4571,0.1696,0.1192,0.5193,0.0165,0.2716
0.4155,0.0417,0.7046,0.4571,0.1696,0.1192,0.5193,0.1511,0.5256
0.5868,0.0529,0.7046,0.2575,0.3388,0.4099,0.5193,0.0742,0.755
0.5868,0.0529,0.7046,0.2575,0.3388,0.4099,0.5193,0.0742,0.7122
0.5868,0.0529,0.7046,0.2575,0.3388,0.4099,0.5193,0.0055,0.2839
0.5868,0.0529,0.7046,0.2575,0.3388,0.4099,0.5193,0.0055,0.2655
0.5868,0.0529,0.7046,0.2575,0.3388,0.4099,0.5193,0.0165,0.4164
0.5868,0.0529,0.7046,0.2575,0.3388,0.4099,0.5193,0.0165,0.452
0.5868,0.0529,0.7046,0.2575,0.3388,0.4099,0.5193,0.1511,0.8275
0.5868,0.0529,0.7046,0.2575,0.3388,0.4099,0.5193,0.1511,0.8029
0.7626,0.0,0.0,0.7685,0.0,0.1087,0.3154,0.0742,0.2681
0.4269,0.0,0.0,0.5609,0.0,0.3262,0.7559,0.2445,0.3705
0.4269,0.0,0.0,0.5609,0.0,0.3262,0.7559,0.0055,0.1162
0.6644,0.0,0.0,0.5609,0.0,0.4058,0.4807,0.0055,0.2101
0.6644,0.0,0.0,0.5609,0.0,0.4058,0.4807,0.2445,0.5795
0.6644,0.0,0.0,0.5609,0.0,0.4058,0.4807,0.0742,0.4644
0.863,0.0,0.0,0.5609,0.0,0.393,0.2965,0.0742,0.5184
0.863,0.0,0.0,0.5609,0.0,0.393,0.2965,0.0165,0.4016
0.863,0.0,0.0,0.5609,0.0,0.393,0.2965,0.2445,0.6476
0.863,0.0,0.0,0.5609,0.0,0.393,0.2965,0.0055,0.275
0.5274,0.0,0.0,0.5609,0.0,0.3785,0.6237,0.0055,0.1655
0.3493,0.0,0.0,0.5609,0.0,0.2581,0.8806,0.2445,0.2433
0.3493,0.0,0.0,0.5609,0.0,0.2581,0.8806,0.0165,0.0983
0.4269,0.0,0.0,0.5609,0.0,0.3262,0.7559,0.0165,0.1528
0.3493,0.0,0.0,0.5609,0.0,0.2581,0.8806,0.0742,0.2045
0.5274,0.0,0.0,0.5609,0.0,0.3785,0.6237,0.0742,0.3692
0.5274,0.0,0.0,0.5609,0.0,0.3785,0.6237,0.0165,0.2625
0.4269,0.0,0.0,0.5609,0.0,0.3262,0.7559,0.0742,0.2896
0.5274,0.0,0.0,0.5609,0.0,0.3785,0.6237,0.2445,0.4902
0.6644,0.0,0.0,0.5609,0.0,0.4058,0.4807,0.0165,0.3166
0.3493,0.0,0.0,0.5609,0.0,0.2581,0.8806,0.0055,0.0732
0.1297,0.6628,0.0,0.5106,0.0,0.6965,0.352,0.0165,0.0908
0.3142,1.0,0.0,0.5106,0.0,0.4087,0.1764,0.0165,0.2877
0.311,0.4418,0.0,0.5106,0.0,0.6965,0.352,0.0165,0.1664
0.1824,0.759,0.0,0.5106,0.0,0.6145,0.3018,0.0742,0.319
0.2089,0.8075,0.0,0.5106,0.0,0.5733,0.2767,0.0742,0.3774
0.3505,0.4738,0.0,0.5106,0.0,0.6558,0.3269,0.0165,0.1857
0.39,0.5061,0.0,0.5106,0.0,0.6145,0.3018,0.0165,0.2172
0.3142,1.0,0.0,0.5106,0.0,0.4087,0.1764,0.0742,0.4622
0.2712,0.4096,0.0,0.5106,0.0,0.7384,0.3771,0.0742,0.2917
0.6735,0.0,0.0,0.5106,0.0,0.6965,0.352,0.0742,0.3831
0.6404,0.0,0.0,0.5106,0.0,0.7174,0.3645,0.0165,0.2708
0.2482,0.8795,0.0,0.5106,0.0,0.5116,0.2391,0.0165,0.2428
0.1297,0.6628,0.0,0.5106,0.0,0.6965,0.352,0.0742,0.2334
0.4425,0.0,0.0,0.5106,0.0,0.8442,0.4398,0.0165,0.1559
0.3505,0.4738,0.0,0.5106,0.0,0.6558,0.3269,0.0742,0.3703
0.2317,0.3776,0.0,0.5106,0.0,0.8,0.4147,0.0165,0.1199
0.6735,0.0,0.0,0.5106,0.0,0.6965,0.352,0.0165,0.288
0.6379,0.0,0.0,0.5106,0.0,0.8826,0.4774,0.0742,0.2511
0.4425,0.0,0.0,0.5106,0.0,0.8442,0.4398,0.0742,0.2851
0.2877,0.9519,0.0,0.5106,0.0,0.45,0.2015,0.0742,0.4655
0.2712,0.4096,0.0,0.5106,0.0,0.7384,0.3771,0.0165,0.134
0.4888,0.5863,0.0,0.5106,0.0,0.5116,0.2391,0.0742,0.4531
0.0769,0.5662,0.0,0.5106,0.0,0.8,0.4147,0.0165,0.0645
0.3107,0.0,0.0,0.5106,0.0,0.9238,0.49,0.0742,0.1899
0.5416,0.0,0.0,0.5106,0.0,0.7797,0.4022,0.0165,0.2348
0.0769,0.5662,0.0,0.5106,0.0,0.8,0.4147,0.0742,0.1977
0.2089,0.8075,0.0,0.5106,0.0,0.5733,0.2767,0.0165,0.1852
0.2317,0.3776,0.0,0.5106,0.0,0.8,0.4147,0.0742,0.2529
0.4297,0.5384,0.0,0.5106,0.0,0.5733,0.2767,0.0165,0.2433
0.1824,0.759,0.0,0.5106,0.0,0.6145,0.3018,0.0165,0.1251
0.1559,0.4327,0.0,0.5106,0.0,0.6558,0.3269,0.0742,0.2915
0.2482,0.8795,0.0,0.5106,0.0,0.5116,0.2391,0.0742,0.442
0.2877,0.9519,0.0,0.5106,0.0,0.45,0.2015,0.0165,0.244
0.4297,0.5384,0.0,0.5106,0.0,0.5733,0.2767,0.0742,0.3826
0.6379,0.0,0.0,0.5106,0.0,0.8826,0.4774,0.0165,0.1521
0.311,0.4418,0.0,0.5106,0.0,0.6965,0.352,0.0742,0.3062
0.1922,0.3453,0.0,0.5106,0.0,0.8209,0.4272,0.0165,0.0706
0.5416,0.0,0.0,0.5106,0.0,0.7797,0.4022,0.0742,0.3684
0.3107,0.0,0.0,0.5106,0.0,0.9238,0.49,0.0165,0.0997
0.3436,0.0,0.0,0.5106,0.0,0.9029,0.4774,0.0742,0.2172
0.6404,0.0,0.0,0.5106,0.0,0.7174,0.3645,0.0742,0.4374
0.3436,0.0,0.0,0.5106,0.0,0.9029,0.4774,0.0165,0.114
0.4888,0.5863,0.0,0.5106,0.0,0.5116,0.2391,0.0165,0.2754
0.1922,0.3453,0.0,0.5106,0.0,0.8209,0.4272,0.0742,0.1902
0.1559,0.4327,0.0,0.5106,0.0,0.6558,0.3269,0.0165,0.1046
0.39,0.5061,0.0,0.5106,0.0,0.6145,0.3018,0.0742,0.3619
0.5411,0.0,0.0,0.6008,0.0,0.4855,0.4691,0.0055,0.1357
0.5411,0.0,0.0,0.6008,0.0,0.4855,0.4691,0.0165,0.2322
0.5411,0.0,0.0,0.6008,0.0,0.4855,0.4691,0.0357,0.3078
0.5411,0.0,0.0,0.6008,0.0,0.4855,0.4691,0.0742,0.3701
0.5411,0.0,0.0,0.6008,0.0,0.4855,0.4691,0.2445,0.4091
0.5411,0.0,0.0,0.6008,0.0,0.4855,0.4691,0.4918,0.425
0.5411,0.0,0.0,0.6008,0.0,0.4855,0.4691,1.0,0.4555
0.3059,0.0,0.0,0.5768,0.0,0.4855,0.7301,0.0055,0.0515
0.3059,0.0,0.0,0.5768,0.0,0.4855,0.7301,0.0357,0.1309
0.3059,0.0,0.0,0.5768,0.0,0.4855,0.7301,0.0742,0.2004
0.3059,0.0,0.0,0.5768,0.0,0.4855,0.7301,0.2445,0.2444
0.3059,0.0,0.0,0.5689,0.0,0.4855,0.7301,0.4918,0.2712
0.3059,0.0,0.0,0.5689,0.0,0.4855,0.7301,1.0,0.2834
0.3995,0.0,0.0,0.5529,0.0,0.4855,0.6573,0.0357,0.2359
0.3995,0.0,0.0,0.5529,0.0,0.4855,0.6573,0.0742,0.2944
0.3995,0.0,0.0,0.5529,0.0,0.4855,0.6573,0.0055,0.1125
0.3995,0.0,0.0,0.5529,0.0,0.4855,0.6573,0.2445,0.3603
0.3995,0.0,0.0,0.5529,0.0,0.4855,0.6573,0.4918,0.3737
0.3995,0.0,0.0,0.5529,0.0,0.4855,0.6573,0.9863,0.3908
0.347,0.0,0.0,0.6088,0.0,0.4855,0.6749,0.0055,0.0869
0.347,0.0,0.0,0.6088,0.0,0.4855,0.6749,0.2445,0.3066
0.347,0.0,0.0,0.6088,0.0,0.4855,0.6749,0.4918,0.3151
0.347,0.0,0.0,0.6088,0.0,0.4855,0.6749,1.0,0.342
0.468,0.0,0.0,0.5689,0.0,0.4855,0.5469,0.4918,0.4006
0.468,0.0,0.0,0.5689,0.0,0.4855,0.5469,1.0,0.4213
0.468,0.0,0.0,0.5689,0.0,0.4855,0.5469,0.0055,0.1272
0.468,0.0,0.0,0.5689,0.0,0.4855,0.5469,0.0742,0.3139
0.468,0.0,0.0,0.5689,0.0,0.4855,0.5469,0.2445,0.3811
0.3059,0.0,0.0,0.5689,0.0,0.4855,0.7301,0.0165,0.0954
0.2237,0.0,0.0,0.4651,0.0,0.9419,0.6297,0.0165,0.0686
0.2237,0.0,0.0,0.4651,0.0,0.9419,0.6297,0.0742,0.1235
0.2808,0.0,0.0,0.4731,0.0,0.907,0.5996,0.0165,0.1101
0.2808,0.0,0.0,0.4731,0.0,0.907,0.5996,0.0742,0.187
0.5091,0.0,0.0,0.497,0.0,0.7616,0.4742,0.0165,0.1895
0.5091,0.0,0.0,0.497,0.0,0.7616,0.4742,0.0742,0.3518
0.395,0.0,0.0,0.489,0.0,0.8343,0.5369,0.0165,0.1479
0.395,0.0,0.0,0.489,0.0,0.8343,0.5369,0.0742,0.2761
0.4521,0.0,0.0,0.497,0.0,0.7965,0.5043,0.0165,0.165
0.4521,0.0,0.0,0.497,0.0,0.7965,0.5043,0.0742,0.3054
0.6233,0.0,0.0,0.513,0.0,0.689,0.4114,0.0165,0.2956
0.6233,0.0,0.0,0.513,0.0,0.689,0.4114,0.0742,0.447
0.6804,0.0,0.0,0.521,0.0,0.6512,0.3788,0.0742,0.5154
0.6804,0.0,0.0,0.521,0.0,0.6512,0.3788,0.0165,0.3465
0.3379,0.0,0.0,0.481,0.0,0.8692,0.567,0.0165,0.1296
0.3379,0.0,0.0,0.481,0.0,0.8692,0.567,0.0742,0.231
0.5662,0.0,0.0,0.513,0.0,0.7238,0.4415,0.0165,0.2236
0.5662,0.0,0.0,0.513,0.0,0.7238,0.4415,0.0742,0.3982
0.2317,0.8495,0.0,0.6527,0.0,0.4721,0.0903,0.0165,0.2144
0.3384,0.4641,0.0,0.6527,0.0,0.5134,0.2511,0.2445,0.5654
0.1256,0.6566,0.0,0.5609,0.0,0.3907,0.4696,0.2445,0.5114
0.0897,0.5899,0.0,0.6527,0.0,0.4965,0.3876,0.0742,0.3434
0.1479,0.6962,0.0,0.6527,0.0,0.5076,0.2474,0.0055,0.0569
0.047,0.5117,0.0,0.6527,0.0,0.457,0.5171,0.2445,0.3845
0.187,0.3411,0.0,0.6527,0.0,0.4599,0.5168,0.0055,0.032
0.0,0.4257,0.0,0.5609,0.0,0.25,0.8731,0.0055,0.0278
0.0,0.4257,0.0,0.5609,0.0,0.25,0.8731,0.2445,0.2882
0.047,0.5117,0.0,0.6527,0.0,0.457,0.5171,0.0742,0.2736
0.1479,0.6962,0.0,0.6527,0.0,0.5076,0.2474,0.0742,0.3939
0.2237,0.3701,0.0,0.5609,0.0,0.4779,0.5324,0.0055,0.1132
0.0144,0.4519,0.0,0.6527,0.0,0.3988,0.6397,0.0742,0.2275
0.4642,0.5662,0.0,0.6527,0.0,0.4779,0.0928,0.0165,0.2935
0.0144,0.4519,0.0,0.6527,0.0,0.3988,0.6397,0.2445,0.3351
0.032,0.4814,0.0,0.5609,0.0,0.3163,0.7474,0.2445,0.3575
0.0897,0.5899,0.0,0.6527,0.0,0.4965,0.3876,0.0165,0.1004
0.1256,0.6566,0.0,0.5609,0.0,0.3907,0.4696,0.0742,0.3904
0.0708,0.5565,0.0,0.5609,0.0,0.3674,0.6152,0.0742,0.3182
0.3384,0.4641,0.0,0.6527,0.0,0.5134,0.2511,0.0165,0.212
0.1621,0.3228,0.0,0.5609,0.0,0.4238,0.6593,0.0165,0.1129
0.2055,0.8013,0.0,0.5609,0.0,0.3744,0.3063,0.0055,0.1303
0.2055,0.8013,0.0,0.5609,0.0,0.3744,0.3063,0.0742,0.4608
0.1164,0.2838,0.0,0.5609,0.0,0.2529,0.8758,0.0055,0.0305
0.4247,0.5342,0.0,0.5609,0.0,0.3808,0.3106,0.0055,0.1716
0.4642,0.5662,0.0,0.6527,0.0,0.4779,0.0928,0.0742,0.5114
0.3059,0.4368,0.0,0.5609,0.0,0.4988,0.3891,0.0165,0.2253
0.1621,0.3228,0.0,0.5609,0.0,0.4238,0.6593,0.0055,0.0574
0.2511,0.3932,0.0,0.6527,0.0,0.5012,0.3914,0.0165,0.1582
0.3059,0.4368,0.0,0.5609,0.0,0.4988,0.3891,0.0055,0.14
0.187,0.3411,0.0,0.6527,0.0,0.4599,0.5168,0.2445,0.3763
0.1479,0.6962,0.0,0.6527,0.0,0.5076,0.2474,0.0165,0.1671
0.0,0.4257,0.0,0.5609,0.0,0.25,0.8731,0.0165,0.0666
0.4247,0.5342,0.0,0.5609,0.0,0.3808,0.3106,0.0742,0.4544
0.2511,0.3932,0.0,0.6527,0.0,0.5012,0.3914,0.0742,0.3821
0.0,0.4257,0.0,0.5609,0.0,0.25,0.8731,0.0742,0.1862
0.1621,0.3228,0.0,0.5609,0.0,0.4238,0.6593,0.0742,0.2735
0.187,0.3411,0.0,0.6527,0.0,0.4599,0.5168,0.0742,0.2705
0.0708,0.5565,0.0,0.5609,0.0,0.3674,0.6152,0.2445,0.4268
0.2055,0.8013,0.0,0.5609,0.0,0.3744,0.3063,0.2445,0.603
0.0708,0.5565,0.0,0.5609,0.0,0.3674,0.6152,0.0165,0.1412
0.4642,0.5662,0.0,0.6527,0.0,0.4779,0.0928,0.0055,0.1472
0.3059,0.4368,0.0,0.5609,0.0,0.4988,0.3891,0.2445,0.5662
0.0144,0.4519,0.0,0.6527,0.0,0.3988,0.6397,0.0055,0.0
0.1256,0.6566,0.0,0.5609,0.0,0.3907,0.4696,0.0165,0.1814
0.4247,0.5342,0.0,0.5609,0.0,0.3808,0.3106,0.0165,0.264
0.2511,0.3932,0.0,0.6527,0.0,0.5012,0.3914,0.0055,0.0558
0.2511,0.3932,0.0,0.6527,0.0,0.5012,0.3914,0.2445,0.4655
0.1164,0.2838,0.0,0.5609,0.0,0.2529,0.8758,0.0742,0.1948
0.3059,0.4368,0.0,0.5609,0.0,0.4988,0.3891,0.0742,0.3806
0.032,0.4814,0.0,0.5609,0.0,0.3163,0.7474,0.0742,0.2494
0.187,0.3411,0.0,0.6527,0.0,0.4599,0.5168,0.0165,0.1053
0.0144,0.4519,0.0,0.6527,0.0,0.3988,0.6397,0.0165,0.0672
0.2317,0.8495,0.0,0.6527,0.0,0.4721,0.0903,0.0742,0.4903
0.2317,0.8495,0.0,0.6527,0.0,0.4721,0.0903,0.0055,0.0901
0.0708,0.5565,0.0,0.5609,0.0,0.3674,0.6152,0.0055,0.0567
0.4247,0.5342,0.0,0.5609,0.0,0.3808,0.3106,0.2445,0.6004
0.2237,0.3701,0.0,0.5609,0.0,0.4779,0.5324,0.0165,0.1848
0.2237,0.3701,0.0,0.5609,0.0,0.4779,0.5324,0.0742,0.3502
0.3384,0.4641,0.0,0.6527,0.0,0.5134,0.2511,0.0055,0.0922
0.047,0.5117,0.0,0.6527,0.0,0.457,0.5171,0.0055,0.0123
0.1164,0.2838,0.0,0.5609,0.0,0.2529,0.8758,0.2445,0.2989
0.2237,0.3701,0.0,0.5609,0.0,0.4779,0.5324,0.2445,0.5098
0.032,0.4814,0.0,0.5609,0.0,0.3163,0.7474,0.0055,0.0492
0.1621,0.3228,0.0,0.5609,0.0,0.4238,0.6593,0.2445,0.3709
0.3384,0.4641,0.0,0.6527,0.0,0.5134,0.2511,0.0742,0.4315
0.4642,0.5662,0.0,0.6527,0.0,0.4779,0.0928,0.2445,0.6512
0.2055,0.8013,0.0,0.5609,0.0,0.3744,0.3063,0.0165,0.2386
0.1256,0.6566,0.0,0.5609,0.0,0.3907,0.4696,0.0055,0.0917
0.1164,0.2838,0.0,0.5609,0.0,0.2529,0.8758,0.0165,0.0753
0.0897,0.5899,0.0,0.6527,0.0,0.4965,0.3876,0.2445,0.4651
0.032,0.4814,0.0,0.5609,0.0,0.3163,0.7474,0.0165,0.0967
0.0897,0.5899,0.0,0.6527,0.0,0.4965,0.3876,0.0055,0.0311
0.047,0.5117,0.0,0.6527,0.0,0.457,0.5171,0.0165,0.1
0.1479,0.6962,0.0,0.6527,0.0,0.5076,0.2474,0.2445,0.5137
0.2317,0.8495,0.0,0.6527,0.0,0.4721,0.0903,0.2445,0.6171
0.4749,0.0,0.0,0.5609,0.0,0.6134,0.5921,0.0055,0.1186
0.4749,0.0,0.0,0.5609,0.0,0.6134,0.5921,0.0165,0.1858
0.4749,0.0,0.0,0.5609,0.0,0.6134,0.5921,0.0742,0.3176
0.4749,0.0,0.0,0.5609,0.0,0.6134,0.5921,0.2445,0.4165
0.4749,0.0,0.0,0.5609,0.0,0.6134,0.5921,0.3269,0.4531
0.5228,0.0,0.0,0.5609,0.0,0.6512,0.5695,0.0055,0.1492
0.5228,0.0,0.0,0.5609,0.0,0.6512,0.5695,0.0165,0.1882
0.5228,0.0,0.0,0.5609,0.0,0.6512,0.5695,0.0742,0.3664
0.5228,0.0,0.0,0.5609,0.0,0.6512,0.5695,0.2445,0.4433
0.5228,0.0,0.0,0.5609,0.0,0.6512,0.5695,0.3269,0.4616
0.5639,0.0,0.0,0.5609,0.0,0.7413,0.5394,0.0055,0.1687
0.5639,0.0,0.0,0.5609,0.0,0.7413,0.5394,0.0165,0.0832
0.5639,0.0,0.0,0.5609,0.0,0.7413,0.5394,0.0742,0.3896
0.5639,0.0,0.0,0.5609,0.0,0.7413,0.5394,0.2445,0.4775
0.5639,0.0,0.0,0.5609,0.0,0.7413,0.5394,0.3269,0.48
0.3105,0.0,0.0,0.513,0.0,0.9244,0.4892,0.0165,0.1211
0.3105,0.0,0.0,0.513,0.0,0.9244,0.4892,0.0742,0.1895
0.4429,0.0,0.0,0.513,0.0,0.8401,0.439,0.0165,0.2066
0.4429,0.0,0.0,0.513,0.0,0.8401,0.439,0.0742,0.2846
0.4452,0.0,0.0,0.513,0.0,0.6948,0.3512,0.0165,0.3566
0.863,0.0,0.0,0.5609,0.0,0.3924,0.3186,0.0742,0.5178
0.863,0.0,0.0,0.5609,0.0,0.3924,0.3186,0.2445,0.6471
0.6735,0.0,0.0,0.513,0.0,0.6948,0.3512,0.0742,0.4311
0.4087,0.0,0.0,0.513,0.0,0.8808,0.4516,0.0165,0.1516
0.4087,0.0,0.0,0.505,0.0,0.8808,0.4516,0.0742,0.2505
0.9087,0.0,0.0,0.6248,0.0,0.9419,0.0477,0.0,0.1284
0.9087,0.0,0.0,0.6248,0.0,0.9419,0.0477,0.0055,0.2956
0.9087,0.0,0.0,0.6248,0.0,0.9419,0.0477,0.0165,0.3847
0.9087,0.0,0.0,0.6248,0.0,0.9419,0.0477,0.0357,0.4311
0.9087,0.0,0.0,0.6248,0.0,0.9419,0.0477,0.0742,0.5203
1.0,0.0,0.0,0.4092,0.0,0.9419,0.0477,0.0165,0.6264
1.0,0.0,0.0,0.4092,0.0,0.9419,0.0477,0.0357,0.7155
1.0,0.0,0.0,0.4092,0.0,0.9419,0.0477,0.0742,0.8095
1.0,0.0,0.0,0.4092,0.0,0.9419,0.0477,0.2445,0.8388
1.0,0.0,0.0,0.4092,0.0,0.9419,0.0477,0.4918,0.8633
1.0,0.0,0.0,0.4092,0.0,0.9419,0.0477,0.739,0.8949
0.5662,0.0,0.0,0.6487,0.0,0.5029,0.4541,0.0165,0.1968
0.5662,0.0,0.0,0.6487,0.0,0.5029,0.4541,0.0357,0.2517
0.5662,0.0,0.0,0.6487,0.0,0.5029,0.4541,0.0742,0.3115
0.5662,0.0,0.0,0.6487,0.0,0.5029,0.4541,0.1511,0.3444
0.5662,0.0,0.0,0.6487,0.0,0.5029,0.4541,0.2445,0.3615
0.5662,0.0,0.0,0.6487,0.0,0.5029,0.4541,0.4918,0.3786
0.6461,0.0,0.0,0.513,0.0,0.4797,0.424,0.0,0.049
0.6461,0.0,0.0,0.513,0.0,0.4797,0.424,0.0055,0.1541
0.6461,0.0,0.0,0.513,0.0,0.4797,0.424,0.0165,0.2603
0.6461,0.0,0.0,0.513,0.0,0.4797,0.424,0.0357,0.3188
0.6461,0.0,0.0,0.513,0.0,0.4797,0.424,0.0742,0.3615
0.5228,0.0,0.0,0.5609,0.0,0.5145,0.5795,0.4918,0.4568
0.5228,0.0,0.0,0.5609,0.0,0.5145,0.5795,0.9863,0.4848
0.5639,0.0,0.0,0.5609,0.0,0.7151,0.5319,0.0055,0.1577
0.5228,0.0,0.0,0.5609,0.0,0.5145,0.5795,0.0055,0.1394
0.6393,0.0,0.0,0.513,0.0,0.7151,0.3638,0.0165,0.27
0.6393,0.0,0.0,0.513,0.0,0.7151,0.3638,0.0742,0.4372
0.6393,0.0,0.0,0.513,0.0,0.9012,0.4767,0.0165,0.1138
0.4087,0.0,0.0,0.513,0.0,0.8808,0.4516,0.0742,0.2505
0.5411,0.0,0.0,0.505,0.0,0.7791,0.4014,0.0165,0.2346
0.5411,0.0,0.0,0.505,0.0,0.7791,0.4014,0.0742,0.3676
0.4406,0.0,0.0,0.505,0.0,0.7791,0.439,0.0165,0.1553
0.4406,0.0,0.0,0.505,0.0,0.7791,0.439,0.0742,0.2846
0.3105,0.0,0.0,0.505,0.0,0.9215,0.4892,0.0742,0.1895
0.4429,0.0,0.0,0.5609,0.0,0.8256,0.429,0.0165,0.1479
0.4429,0.0,0.0,0.5609,0.0,0.8256,0.429,0.0742,0.2407
0.4429,0.0,0.0,0.5609,0.0,0.8256,0.429,0.2445,0.3371
0.5228,0.0,0.0,0.5609,0.0,0.2267,0.5795,0.0055,0.1394
0.5228,0.0,0.0,0.5609,0.0,0.5145,0.5795,0.0165,0.1736
0.5228,0.0,0.0,0.5609,0.0,0.5145,0.5795,0.0742,0.3627
0.5228,0.0,0.0,0.5609,0.0,0.5145,0.5795,0.2445,0.4348
0.5639,0.0,0.0,0.5609,0.0,0.7151,0.5319,0.0165,0.1968
0.5639,0.0,0.0,0.5609,0.0,0.7151,0.5319,0.0742,0.3786
0.5639,0.0,0.0,0.5609,0.0,0.7151,0.5319,0.2445,0.4629
0.5639,0.0,0.0,0.5609,0.0,0.7151,0.5319,0.4918,0.4824
0.5639,0.0,0.0,0.5609,0.0,0.7151,0.5319,0.9863,0.4958
0.4566,0.0,0.0,0.6487,0.0,0.5029,0.5595,0.0357,0.1968
0.4566,0.0,0.0,0.6487,0.0,0.5029,0.5595,0.4918,0.3041
0.9658,0.0,0.0,0.5369,0.0,0.9419,0.0477,0.4918,0.7424
0.9087,0.0,0.0,0.6248,0.0,0.9419,0.0477,0.2445,0.5593
0.9087,0.0,0.0,0.6248,0.0,0.9419,0.0477,0.4918,0.6068
0.9087,0.0,0.0,0.6248,0.0,0.9419,0.0477,0.739,0.6581
1.0,0.0,0.0,0.4092,0.0,0.9419,0.0477,0.0055,0.4897
0.3425,0.0,0.0,0.505,0.0,0.9012,0.4767,0.0165,0.1418
0.3425,0.0,0.0,0.505,0.0,0.9012,0.4767,0.0742,0.2163
0.5411,0.0,0.0,0.505,0.0,0.7529,0.4014,0.0742,0.3652
0.6644,0.0,0.0,0.5609,0.0,0.4041,0.4114,0.0055,0.209
0.6644,0.0,0.0,0.5609,0.0,0.4041,0.4114,0.0742,0.4641
0.6644,0.0,0.0,0.5609,0.0,0.4041,0.4114,0.2445,0.5788
0.6393,0.0,0.0,0.505,0.0,0.7151,0.3638,0.0165,0.27
0.6393,0.0,0.0,0.505,0.0,0.7151,0.3638,0.0742,0.4372
0.3425,0.0,0.0,0.513,0.0,0.9012,0.4767,0.0165,0.1138
0.3425,0.0,0.0,0.505,0.0,0.9012,0.4767,0.0742,0.2163
0.4749,0.0,0.0,0.5609,0.0,0.4913,0.6422,0.0165,0.1577
0.4749,0.0,0.0,0.5609,0.0,0.4913,0.6422,0.0742,0.3188
0.4749,0.0,0.0,0.5609,0.0,0.4913,0.6422,0.2445,0.403
0.4749,0.0,0.0,0.5609,0.0,0.4913,0.6422,0.4918,0.436
0.4749,0.0,0.0,0.5609,0.0,0.4913,0.6422,0.9863,0.4458
0.9658,0.0,0.0,0.5369,0.0,0.9419,0.0477,0.0055,0.392
0.9658,0.0,0.0,0.5369,0.0,0.9419,0.0477,0.0165,0.4995
0.9658,0.0,0.0,0.5369,0.0,0.9419,0.0477,0.0357,0.5739
0.9658,0.0,0.0,0.5369,0.0,0.9419,0.0477,0.0742,0.6679
0.9658,0.0,0.0,0.5369,0.0,0.9419,0.0477,0.2445,0.7033
0.9658,0.0,0.0,0.5369,0.0,0.9419,0.0477,0.739,0.8071
0.5023,0.0,0.0,0.6487,0.0,0.5029,0.5168,0.0357,0.2298
0.5023,0.0,0.0,0.6487,0.0,0.5029,0.5168,0.0742,0.2846
0.5023,0.0,0.0,0.6487,0.0,0.5029,0.5168,0.4918,0.3395
0.4566,0.0,0.0,0.6487,0.0,0.5029,0.5595,0.0742,0.242
0.6735,0.0,0.0,0.505,0.0,0.6948,0.3512,0.0742,0.458
0.863,0.0,0.0,0.5609,0.0,0.3924,0.3186,0.0055,0.2749
0.9589,0.0,0.0,0.1936,0.0,0.2762,0.7577,0.0165,0.6002
0.9589,0.0,0.0,0.1936,0.0,0.2762,0.7577,0.0742,0.9052
0.3904,0.2922,0.4098,0.7046,0.2795,0.2994,0.2158,0.0742,0.434
0.137,0.5287,0.7396,0.4571,0.5901,0.1076,0.3688,0.0742,0.3915
0.1187,0.4007,0.5597,0.7844,0.3106,0.3547,0.1606,0.0742,0.1765
0.1027,0.32,0.4448,0.6407,0.2795,0.1715,0.5896,0.0742,0.22
0.1142,0.4953,0.6947,0.3693,0.559,0.4157,0.2534,0.0742,0.4238
0.4749,0.3979,0.5547,0.3693,0.6832,0.3285,0.143,0.0742,0.3906
0.0959,0.0,0.8746,0.2894,0.559,0.4128,0.6272,0.0742,0.163
0.4612,0.3895,0.0,0.7365,0.1863,0.2733,0.3211,0.0742,0.3873
0.621,0.0,0.0,0.5449,0.2174,0.6163,0.3412,0.0742,0.4575
0.1301,0.4146,0.5797,0.4251,0.4658,0.4419,0.3161,0.0742,0.3157
0.1164,0.665,0.0,0.6248,0.1863,0.5843,0.2258,0.0742,0.3055
0.4749,0.3979,0.0,0.3693,0.3106,0.3285,0.5268,0.0742,0.5353
0.4635,0.0,0.4998,0.5928,0.3106,0.4593,0.2785,0.0742,0.3462
0.1119,0.0,0.9195,0.3613,0.3727,0.5523,0.4466,0.0742,0.1649
0.0913,0.4647,0.6497,0.4172,0.3416,0.2384,0.4792,0.0742,0.5267
0.4475,0.3812,0.5347,0.6327,0.1863,0.2238,0.153,0.0742,0.6378
0.5,0.4563,0.0,0.5449,0.1553,0.2006,0.4516,0.0742,0.6837
0.6027,0.5203,0.0,0.5529,0.2174,0.0669,0.4089,0.0742,0.792
0.4064,0.3589,0.4998,0.4012,0.2795,0.0698,0.5294,0.0742,0.629
0.3425,0.2699,0.3798,0.5768,0.2484,0.0988,0.5695,0.0742,0.387
0.1438,0.0,0.7496,0.481,0.3727,0.6453,0.3387,0.0742,0.1956
0.1233,0.6761,0.0,0.4651,0.3416,0.6424,0.2609,0.0742,0.4364
0.1324,0.5231,0.7296,0.6487,0.3416,0.0814,0.291,0.0742,0.3801
0.4475,0.0,0.5347,0.513,0.1863,0.2267,0.5544,0.0742,0.5021
0.4932,0.0,0.6297,0.7046,0.1863,0.1744,0.3588,0.0742,0.47
0.4224,0.3367,0.4698,0.5289,0.2795,0.2994,0.2559,0.0742,0.4935
0.5114,0.4619,0.0,0.4172,0.2795,0.2355,0.4917,0.0742,0.7338
0.5799,0.0,0.7096,0.5689,0.3416,0.0,0.4616,0.0742,0.4801
0.0685,0.576,0.8046,0.4571,0.1553,0.1919,0.3562,0.0742,0.3858
0.5023,0.4146,0.0,0.513,0.2484,0.436,0.2885,0.0742,0.624
0.1416,0.0,0.9995,0.4731,0.4037,0.1395,0.6322,0.0742,0.1589
0.484,0.0,0.5647,0.3852,0.3106,0.3605,0.4742,0.0742,0.4501
0.5,0.0,0.6397,0.481,0.3416,0.2006,0.4666,0.0742,0.4351
0.0868,0.4563,0.6397,0.9202,0.1863,0.1977,0.1555,0.0742,0.4098
0.4247,0.3367,0.0,0.4411,0.2174,0.311,0.5896,0.0742,0.4959
0.4475,0.0,0.5347,0.7046,0.3416,0.2297,0.3763,0.0742,0.3681
0.3721,0.3088,0.4298,0.5848,0.1863,0.093,0.4917,0.0742,0.4885
0.1324,0.6956,0.0,0.3693,0.3727,0.7209,0.2358,0.0742,0.4625
0.1461,0.7234,0.0,0.489,0.4037,0.1686,0.5845,0.0742,0.4433
0.3973,0.3228,0.4498,0.4651,0.2795,0.2006,0.4365,0.0742,0.5226
0.5023,0.0,0.5797,0.5928,0.3106,0.0494,0.5494,0.0742,0.3594
0.1073,0.3868,0.5447,0.5689,0.1863,0.2645,0.4666,0.0742,0.2661
0.1301,0.5203,0.0,0.4331,0.3416,0.5494,0.4892,0.0742,0.3791
0.363,0.2782,0.3898,0.6327,0.2795,0.1831,0.419,0.0742,0.3746
0.3082,0.256,0.3548,1.0,0.1863,0.1512,0.2534,0.0742,0.3276
0.4817,0.0,0.5647,0.4491,0.2484,0.5843,0.2383,0.0742,0.4295
0.121,0.5092,0.0,0.5689,0.2795,0.7151,0.2584,0.0742,0.1987
0.1005,0.64,0.0,0.6407,0.0932,0.0756,0.6974,0.0742,0.3828
0.4429,0.0,0.5347,0.7924,0.3416,0.0523,0.4616,0.0742,0.3624
0.0708,0.5843,0.0,0.5928,0.0932,0.4302,0.5043,0.0742,0.3575
0.4817,0.4035,0.0,0.4491,0.2484,0.1919,0.577,0.0742,0.524
0.1142,0.0,0.5597,0.497,0.2484,0.5552,0.5569,0.0742,0.1226
0.1164,0.4035,0.5647,0.4491,0.2484,0.5843,0.2383,0.0742,0.2894
0.0868,0.3701,0.5147,0.6248,0.2174,0.3343,0.3989,0.0742,0.4249
0.1073,0.6566,0.0,0.4331,0.4037,0.1337,0.7501,0.0742,0.3815
0.4521,0.0,0.5997,0.7206,0.3106,0.2238,0.3362,0.0742,0.2679
0.1164,0.4035,0.5647,0.4491,0.2484,0.1919,0.577,0.0742,0.2977
0.105,0.0,0.6847,0.2894,0.4969,0.5843,0.5921,0.0742,0.1946
0.5114,0.0,0.6897,0.6168,0.3416,0.0,0.4967,0.0742,0.4777
0.1164,0.4035,0.0,0.4491,0.2484,0.5785,0.572,0.0742,0.2078
0.3653,0.3088,0.4298,0.5848,0.1553,0.2733,0.3487,0.0742,0.391
0.1279,0.0,0.9745,0.7844,0.3416,0.282,0.2985,0.0742,0.0773
0.1119,0.0,0.9245,0.3613,0.4969,0.7936,0.2107,0.0742,0.1386
0.3904,0.0,0.4498,0.6168,0.3416,0.3779,0.4215,0.0742,0.3726
0.1073,0.3283,0.4598,0.489,0.2174,0.4419,0.4666,0.0742,0.2639
0.0936,0.4702,0.7146,0.5529,0.2484,0.4826,0.1229,0.0742,0.3413
0.3607,0.281,0.3898,0.3932,0.3106,0.3924,0.424,0.0742,0.591
0.4817,0.448,0.0,0.4491,0.3106,0.3372,0.4139,0.0742,0.6243
0.4155,0.3339,0.0,0.3693,0.2174,0.4913,0.5018,0.0742,0.4809
0.5342,0.0,0.0,0.481,0.0932,0.5378,0.5595,0.0742,0.5299
0.0982,0.0,0.6697,0.4731,0.3416,0.5174,0.5469,0.0742,0.1354
0.1096,0.6594,0.0,0.4172,0.3727,0.7791,0.2032,0.0742,0.4373
0.0959,0.473,0.6647,0.5609,0.2484,0.0378,0.5294,0.0742,0.3431
0.5228,0.473,0.0,0.5848,0.2484,0.0291,0.5218,0.0742,0.6763
0.121,0.0,0.7146,0.5689,0.2795,0.7151,0.2584,0.0742,0.1262
0.121,0.5092,0.0,0.5689,0.2795,0.2209,0.6874,0.0742,0.2673
0.0753,0.0,0.8296,0.4651,0.3106,0.4651,0.5294,0.0742,0.1366
0.3744,0.3116,0.4348,0.4491,0.3106,0.3169,0.3788,0.0742,0.462
0.484,0.4035,0.5647,0.4571,0.2484,0.1977,0.2408,0.0742,0.5469
0.4817,0.4035,0.0,0.0419,0.2484,0.5785,0.572,0.0742,0.5256
0.1005,0.4814,0.0,0.481,0.0932,0.5378,0.5595,0.0742,0.2667
0.0959,0.3784,0.5297,0.4491,0.2174,0.407,0.4516,0.0742,0.2967
0.105,0.0,0.9095,0.4731,0.4658,0.1105,0.7275,0.0742,0.1643
0.3995,0.3255,0.4548,0.5529,0.2174,0.4215,0.1806,0.0742,0.5138
0.4475,0.0,0.5347,0.3373,0.4037,0.4419,0.4767,0.0742,0.4177
0.4817,0.4035,0.0,0.4491,0.2484,0.5843,0.2383,0.0742,0.4824
0.121,0.512,0.7146,0.5768,0.2795,0.2297,0.2634,0.0742,0.3321
0.4269,0.3728,0.0,0.5848,0.1863,0.3576,0.4165,0.0742,0.5471
0.105,0.4869,0.0,0.3932,0.0621,0.5785,0.5871,0.0742,0.3063
0.0982,0.0,0.8946,0.6407,0.2484,0.0669,0.6899,0.0742,0.1022
0.4817,0.0,0.0,0.4491,0.2484,0.5785,0.572,0.0742,0.2836
0.0776,0.4508,0.6297,0.4012,0.3106,0.3547,0.4265,0.0742,0.3331
0.121,0.0,0.7146,0.5689,0.2795,0.2209,0.6874,0.0742,0.0922
0.3493,0.2755,0.3848,0.5369,0.1863,0.343,0.3889,0.0742,0.392
0.137,0.576,0.8596,0.7525,0.3106,0.061,0.1104,0.0742,0.4674
0.0776,0.5454,0.4898,0.6168,0.1863,0.1337,0.4742,0.0742,0.3069
0.1416,0.4535,0.6397,0.6008,0.2484,0.4651,0.1179,0.0742,0.3102
0.137,0.5954,0.8196,0.6407,0.3106,0.0552,0.2158,0.0742,0.3528
0.1256,0.5954,0.7596,0.6248,0.2795,0.0523,0.276,0.0742,0.3827
0.1073,0.4257,0.9695,0.5609,0.2484,0.3895,0.0728,0.0742,0.2772
0.0753,0.2922,0.9645,0.5928,0.1863,0.4767,0.1229,0.0742,0.2439
0.1301,0.5815,0.8046,0.6327,0.2174,0.1366,0.1882,0.0742,0.3557
0.0959,0.0417,0.9745,0.4331,0.1863,0.6395,0.2885,0.0742,0.1621
0.1187,0.4841,0.9245,0.8483,0.2174,0.1279,0.0452,0.0742,0.2742
0.1484,0.5203,0.9745,0.505,0.2174,0.282,0.1054,0.0742,0.2686
0.1872,0.2393,0.9495,0.7285,0.1863,0.3547,0.0728,0.0742,0.2566
0.1233,0.4953,0.9345,0.7924,0.2174,0.1541,0.0502,0.0742,0.3374
0.308,0.2551,0.3573,0.9992,0.1863,0.1509,0.2544,0.0742,0.3276
0.4824,0.0,0.5647,0.4531,0.2484,0.584,0.2376,0.0742,0.4295
0.1205,0.5103,0.0,0.5713,0.2826,0.7163,0.2577,0.0742,0.1988
0.1002,0.6413,0.0,0.6447,0.1056,0.0756,0.6969,0.0742,0.3786
0.4429,0.0,0.5332,0.7956,0.3261,0.0529,0.4626,0.0742,0.3624
0.071,0.5849,0.0,0.5904,0.0963,0.4314,0.505,0.0742,0.3315
0.4824,0.4035,0.0,0.4531,0.2484,0.1924,0.577,0.0742,0.4808
0.1132,0.0,0.5592,0.5002,0.2453,0.5552,0.5567,0.0742,0.1227
0.1167,0.4035,0.5647,0.4531,0.2484,0.584,0.2376,0.0742,0.2894
0.0865,0.3689,0.5162,0.6271,0.2298,0.3343,0.3999,0.0742,0.425
0.1084,0.6566,0.0,0.4315,0.3913,0.1331,0.7494,0.0742,0.3816
0.4516,0.0,0.5987,0.7166,0.3075,0.2244,0.3352,0.0742,0.2679
0.1167,0.4035,0.5647,0.4531,0.2484,0.1924,0.577,0.0742,0.2978
0.1053,0.0,0.6827,0.2902,0.5,0.5837,0.5923,0.0742,0.1947
0.5126,0.0,0.6892,0.6168,0.3354,0.0003,0.498,0.0742,0.4522
0.1158,0.4026,0.0,0.4499,0.2484,0.5776,0.5725,0.0742,0.2078
0.3651,0.3075,0.4303,0.588,0.1553,0.2738,0.3477,0.0742,0.391
0.1288,0.0,0.974,0.782,0.3416,0.2811,0.2983,0.0742,0.0773
0.1112,0.0,0.926,0.3589,0.4845,0.7951,0.2107,0.0742,0.1387
0.3895,0.0,0.4478,0.6144,0.3292,0.3788,0.422,0.0742,0.3727
0.1073,0.3272,0.4583,0.4882,0.2205,0.443,0.4674,0.0742,0.264
0.0936,0.4713,0.7131,0.5505,0.2609,0.4837,0.1242,0.0742,0.3413
0.3605,0.2799,0.3918,0.39,0.323,0.3916,0.4237,0.0742,0.591
0.4815,0.4466,0.0,0.4459,0.2981,0.336,0.4152,0.0742,0.6243
0.4155,0.3331,0.0,0.3717,0.2236,0.4924,0.5023,0.0742,0.4809
0.5354,0.0,0.0,0.4802,0.1056,0.5372,0.559,0.0742,0.5299
0.0977,0.0,0.6677,0.4715,0.3447,0.5189,0.5457,0.0742,0.1354
0.1096,0.6589,0.0,0.4156,0.3696,0.7799,0.2027,0.0742,0.4373
0.0952,0.4736,0.6627,0.5577,0.264,0.0381,0.5301,0.0742,0.3431
0.5217,0.4719,0.0,0.584,0.2516,0.0291,0.5226,0.0742,0.6763
0.1205,0.0,0.7136,0.5713,0.2826,0.7163,0.2577,0.0742,0.1262
0.1205,0.5103,0.0,0.5713,0.2826,0.2215,0.6867,0.0742,0.2673
0.0747,0.0,0.8281,0.4667,0.3106,0.4651,0.5291,0.0742,0.1366
0.3749,0.3125,0.4373,0.4483,0.323,0.316,0.3776,0.0742,0.4621
0.484,0.4043,0.5657,0.4563,0.2484,0.198,0.2413,0.0742,0.547
0.4811,0.4026,0.0,0.0443,0.2484,0.5776,0.5725,0.0742,0.5256
0.0998,0.4802,0.0,0.4802,0.1056,0.5372,0.559,0.0742,0.2668
0.0954,0.3792,0.5307,0.4499,0.2329,0.4084,0.4523,0.0742,0.2967
0.1053,0.0,0.91,0.4762,0.4658,0.1102,0.7283,0.0742,0.1644
0.3995,0.325,0.4548,0.5497,0.2174,0.423,0.1796,0.0742,0.5139
0.4477,0.0,0.5372,0.3341,0.3975,0.4424,0.4767,0.0742,0.4178
0.4824,0.4035,0.0,0.4531,0.2484,0.584,0.2376,0.0742,0.4824
0.1215,0.5117,0.7156,0.5752,0.2857,0.2285,0.2622,0.0742,0.3321
0.4269,0.372,0.0,0.584,0.1708,0.3578,0.4167,0.0742,0.5471
0.1046,0.4872,0.0,0.3948,0.0683,0.5785,0.5883,0.0742,0.3064
0.0991,0.0,0.8941,0.6383,0.2422,0.0669,0.6892,0.0742,0.1022
0.4811,0.0,0.0,0.4499,0.2484,0.5776,0.5725,0.0742,0.2837
0.0785,0.4496,0.6287,0.398,0.323,0.3535,0.4275,0.0742,0.3332
0.1205,0.0,0.7136,0.5713,0.2826,0.2215,0.6867,0.0742,0.0923
0.35,0.2749,0.3848,0.5337,0.2019,0.343,0.3896,0.0742,0.392
0.39,0.2924,0.4088,0.7022,0.2795,0.2994,0.215,0.0742,0.434
0.137,0.5289,0.7401,0.4555,0.5839,0.1078,0.3698,0.0742,0.3916
0.1178,0.4012,0.5612,0.7852,0.3137,0.3552,0.1603,0.0742,0.1766
0.1016,0.3189,0.4463,0.6399,0.2733,0.1715,0.5908,0.0742,0.22
0.1137,0.4955,0.6932,0.3653,0.5683,0.4157,0.2524,0.0742,0.4238
0.4747,0.3973,0.5557,0.3677,0.6863,0.3282,0.1435,0.0742,0.4471
0.095,0.0,0.8741,0.2926,0.5559,0.4119,0.6284,0.0742,0.1631
0.4603,0.3893,0.0,0.7325,0.1925,0.2747,0.3224,0.0742,0.3873
0.6217,0.0,0.0,0.5465,0.2081,0.6169,0.3422,0.0742,0.4575
0.1292,0.4143,0.5797,0.4259,0.4658,0.4427,0.3154,0.0742,0.3158
0.1155,0.6642,0.0,0.6248,0.1957,0.5837,0.2255,0.0742,0.3056
0.4749,0.3973,0.0,0.3685,0.3106,0.3294,0.5268,0.0742,0.5354
0.463,0.0,0.4978,0.5928,0.3043,0.4605,0.279,0.0742,0.3462
0.1116,0.0,0.919,0.3581,0.3602,0.5529,0.4471,0.0742,0.1649
0.0911,0.4636,0.6482,0.4132,0.3385,0.2372,0.4799,0.0742,0.5267
0.447,0.3817,0.5342,0.6351,0.1863,0.225,0.1538,0.0742,0.6378
0.5007,0.4569,0.0,0.5489,0.1429,0.2006,0.4516,0.0742,0.6838
0.6027,0.5203,0.0,0.5553,0.205,0.0677,0.4087,0.0742,0.7921
0.4059,0.3587,0.5017,0.4044,0.295,0.0701,0.5291,0.0742,0.6291
0.3427,0.2702,0.3778,0.5752,0.2578,0.1003,0.5705,0.0742,0.3871
0.1429,0.0,0.7516,0.4778,0.3634,0.6462,0.3384,0.0742,0.1956
0.1224,0.6775,0.0,0.4675,0.3323,0.6424,0.2602,0.0742,0.4364
0.1329,0.5231,0.7316,0.6503,0.3509,0.0805,0.2903,0.0742,0.4109
0.4477,0.0,0.5347,0.5162,0.1894,0.2267,0.5549,0.0742,0.5022
0.4929,0.0,0.6322,0.7022,0.177,0.173,0.3578,0.0742,0.4701
0.4231,0.3353,0.4693,0.5257,0.2857,0.3006,0.2556,0.0742,0.5166
0.5105,0.463,0.0,0.4172,0.2764,0.2343,0.4917,0.0742,0.7338
0.5797,0.0,0.7076,0.5713,0.3416,0.0012,0.4626,0.0742,0.4801
0.0685,0.5746,0.8041,0.4563,0.1708,0.1916,0.3552,0.0742,0.3859
0.5034,0.4135,0.0,0.5114,0.264,0.436,0.2898,0.0742,0.6241
0.142,0.0,1.0,0.4747,0.3913,0.1404,0.6322,0.0742,0.159
0.4836,0.0,0.5627,0.3844,0.3137,0.3613,0.4739,0.0742,0.4501
0.5009,0.0,0.6392,0.485,0.3571,0.2009,0.4659,0.0742,0.4352
0.0861,0.456,0.6382,0.9178,0.1801,0.1965,0.1545,0.0742,0.4098
0.4256,0.3367,0.0,0.4443,0.2174,0.3108,0.5908,0.0742,0.4959
0.4479,0.0,0.5347,0.7022,0.3447,0.2285,0.3768,0.0742,0.3681
0.371,0.3088,0.4323,0.5888,0.1832,0.0919,0.4927,0.0742,0.4885
0.132,0.6956,0.0,0.3725,0.3789,0.7218,0.2363,0.0742,0.4625
0.1461,0.7226,0.0,0.4906,0.3944,0.168,0.584,0.0742,0.4433
0.3982,0.3228,0.4513,0.4619,0.2764,0.2009,0.4373,0.0742,0.5227
0.5027,0.0,0.5777,0.5928,0.323,0.0491,0.5504,0.0742,0.3594
0.1062,0.3879,0.5427,0.5665,0.1894,0.2657,0.4666,0.0742,0.2662
0.1304,0.5195,0.0,0.4299,0.3509,0.5483,0.489,0.0742,0.3792
0.3628,0.2796,0.3913,0.6295,0.2671,0.1846,0.4202,0.0742,0.3746
